SA2_5DIG,shortest_time_sec,Hospital_ID
11007,1143.589117043121,99
11008,374.55953792185795,695
11009,202.83563991523084,695
11010,272.3847457627118,695
11011,1693.4386208937556,695
11012,595.7134151167393,695
11013,716.4720465890183,85
11014,235.15194882475453,205
11015,2174.052518203883,205
11016,3323.930344033396,205
11017,437.36019906928647,53
11018,588.1851522079172,53
11019,547.1833114636765,62
11020,1695.3505125284737,62
11021,577.5414877532507,557
11022,5796.757692307693,570
11023,1131.6105834885166,657
11024,1221.9866342648845,557
11025,657.5106837204928,657
11026,732.5419310344828,570
11027,2603.659948723665,570
11028,944.9725458025705,167
11029,752.7339592675636,105
11030,1769.7751923076924,331
11031,303.75825388861017,167
11032,261.4034367364283,703
11033,586.9288228822883,331
11034,720.9709562354234,167
11035,408.32833031946956,331
11036,609.7236569861647,331
11037,470.6713484945548,331
11038,707.4901061084026,167
11039,480.84458030155275,167
11040,309.56536994660564,999
11041,505.8398999693784,480
11042,171.05992125984253,999
11043,346.46699956197983,331
11044,274.1494949035311,480
11045,643.5264018903936,1004
11046,881.7058063827517,1004
11047,302.5557531925984,70
11048,325.8725128994297,1004
11049,1439.7124666073018,1004
11050,1110.081549781131,1004
11051,818.3864337101747,70
11052,1478.85625,1004
11053,324.2106617647059,480
11054,774.1954871060171,1004
11055,664.540517078694,70
11056,342.15682564708976,1004
11057,632.6159358047017,1004
11058,287.4787993441796,54
11059,489.7212267958031,54
11060,1418.2464923747277,54
11061,751.0067497850388,643
11062,774.3437641041071,199
11063,265.39223649825783,214
11064,1216.1188243911372,154
11065,596.8080180799843,454
11066,1084.3222099447514,343
11067,332.1160517445568,455
11068,989.2028402366863,661
11069,1223.4192618806874,1002
11070,371.3057541072958,473
11071,859.853087613293,687
11072,226.97798945398876,583
11073,776.3161233480176,745
11074,1285.2959313536444,347
11075,,Not found
11076,627.4647301194891,81
11077,218.0339994740994,646
11078,345.4071298451573,646
11079,901.1132436627004,558
11080,347.0309364099812,338
11081,1703.6824348958335,338
11082,984.2417393976647,490
11083,608.4498444521258,65
11084,276.66292881278275,49
11085,197.10957560454503,189
11086,1354.6521978021979,49
11087,1172.3737021013599,249
11088,904.2875756537626,189
11089,566.6134517374518,190
11090,1038.4155043719343,65
11091,1688.366909178126,189
11092,1226.2873708091756,92
11093,642.9623463446194,187
11094,914.2328151566676,207
11095,800.3676678089095,641
11096,995.5449720670391,942
11097,340.34758620689655,107
11098,2752.388929146538,983
11099,865.3290104101342,206
11100,262.7006351039261,483
11101,353.8355634218289,483
11102,460.07821612349915,251
11103,1249.3761369716426,483
11104,852.8052016498626,311
11105,602.7700198746369,604
11106,710.5167533936651,957
11107,1283.9234580084872,172
11108,345.5404252419245,172
11109,1292.9376147943137,172
11110,1379.0732843955066,255
11111,421.5081507549097,449
11112,433.3436037829766,757
11113,1861.0427580579355,757
11114,338.39830200121287,494
11115,640.9960290521553,494
11116,477.41740954378605,494
11117,392.76371543957754,494
11118,986.8719927826784,494
11119,925.9952785974657,900
11120,2295.1106449686476,142
11121,524.4907777406896,900
11122,1315.546444572915,388
11123,1265.2469327420547,494
11124,2080.9689994102614,112
11125,1883.1184345281638,142
11126,335.57501656177544,593
11127,885.6076499999999,237
11128,227.0041904761905,750
11129,1106.0031374441896,750
11131,697.602871017209,292
11132,904.0979827089337,292
11133,226.5,681
11134,319.40550494534097,292
11135,683.7,113
11136,704.3122495986598,753
11137,513.0927500720669,753
11138,226.37282749675745,433
11139,567.2625939849625,433
11140,744.1202662911279,433
11141,434.62822038436366,753
11142,301.3052932904781,753
11143,248.9893589869441,753
11144,428.3737025525101,392
11145,397.83125606050817,113
11146,219.05446220999195,992
11147,1070.9003188339789,193
11148,232.40250044177415,466
11150,246.58024547934136,113
11151,1402.8149989422466,112
11152,297.8569192060386,299
11153,1729.860186854614,299
11154,435.9459162218987,299
11155,482.93626381075035,430
11156,1890.4084380211227,430
11157,510.87378214509715,489
11158,971.7206112505536,489
11159,1449.9627831293933,489
11160,634.567931169339,337
11161,0.0,337
11162,1622.737374821173,683
11163,352.65941672898197,204
11164,299.56328160919537,683
11165,1566.878058435438,953
11166,319.95276458464025,953
11167,612.7928713264496,322
11168,1231.5462151394422,502
11169,337.28654240265445,502
11170,1879.9239555662884,502
11171,223.242112125163,988
11172,395.48146351189683,9
11173,359.829422548121,537
11174,207.32867518884368,11
11175,930.8299517740268,221
11176,507.3780521451235,9
11177,608.3342751429533,359
11178,624.5508836278758,548
11179,1424.5125,42
11180,204.56542379046928,210
11181,1040.0880941803641,210
11182,266.6535140968569,236
11183,1575.0286118980168,48
11184,536.1183250556602,265
11185,422.9494214876033,293
11186,326.18695857480145,22
11187,980.4577674212162,351
11188,1496.2534282875124,23
11189,1311.1206092632888,940
11190,639.4047867513611,317
11191,399.687408993576,398
11192,1825.6144856278368,398
11193,1243.1752797728411,947
11194,1008.4188682077454,855
11195,279.7121847203607,567
11196,2306.1119200440125,567
11197,320.9510662020906,601
11198,1436.500188245137,955
11199,244.00184618745902,350
11200,1372.1394826744754,350
11201,876.3276250972259,701
11202,617.2058800431923,847
11203,307.72400079538676,847
11204,598.115099766313,847
11205,1283.4053397533003,847
11206,308.4138586496701,66
11207,573.5561563169165,66
11208,274.2677475898335,460
11209,422.7146745410194,408
11210,267.3693510291306,460
11211,481.4284732168433,460
11212,949.4758737316799,66
11213,341.13172643869893,66
11214,244.78815286624206,948
11215,613.9237569060774,948
11216,580.6763615560641,568
11217,829.6549246160349,388
11218,875.2039275933471,568
11219,925.9473196953859,948
11220,1263.1485456595265,568
11221,1035.133651919223,948
11222,455.507999231459,408
11223,946.3327653997379,388
11224,445.95219491525427,142
11225,288.05993919124353,408
11226,648.2396978629329,388
11227,248.613748990035,142
11228,639.5688740261648,142
11229,648.7687383872167,142
11230,584.5,142
11231,212.3795379537954,388
11232,932.4823340040242,142
11233,391.18140102762374,408
11234,155.44402620014924,142
11235,453.77010090943065,142
11236,229.63455818022746,40
11237,1075.0845445362172,40
11238,757.1121313791276,120
11239,847.5219628452702,120
11240,726.8423182297155,120
11241,2086.746903669725,812
11242,788.8521699702034,40
11243,1271.411569315618,120
11244,347.71216558946253,160
11245,1563.1882209469152,160
11246,465.3375360997112,812
11247,824.1597572616937,452
11248,193.0342247733351,812
11249,1121.8080680534326,812
11250,837.9134901365707,917
11251,371.2984087852981,592
11252,1193.9625362318843,592
11253,1544.7328064442586,917
11254,460.4364676770802,917
11256,325.18549921589124,344
11257,1583.4291653738753,344
11258,377.68059627575275,467
11259,738.2741254125413,602
11260,1242.999568841621,913
11261,213.9115341900682,915
11262,1097.5923405163217,915
11263,500.091061970339,208
11264,788.5409355106559,349
11265,489.90713365539455,414
11266,843.4999403697077,853
11267,579.8033307186388,935
11268,499.4514428538968,936
11269,369.76784221648273,712
11270,250.00507931289553,936
11271,1121.3467293512817,936
11272,801.7383513359863,231
11273,1488.853029045643,639
11274,1183.4354381704109,639
11275,2409.860416666667,552
11276,1724.2661359315593,639
11277,429.60347433943093,755
11278,299.8641927734961,639
11279,1668.19113490364,639
11280,2173.582284007353,552
11281,1230.2781056358808,639
11282,264.1381809848088,918
11283,1023.2966542019288,552
11284,232.44604737004002,95
11285,1407.5016749585407,771
11286,595.839524285873,771
11287,836.9350588712952,771
11288,1401.5412987752777,95
11289,1909.0754642313548,771
11290,290.005185799023,869
11291,286.1790117294734,869
11294,512.366976,162
11296,456.41325061640026,162
11297,1094.3874684448679,162
11298,1201.1899923017706,580
11299,2865.160014892033,358
11300,1010.3628046835848,802
11301,641.255450913242,358
11302,534.6483250209648,868
11303,246.06522486223855,545
11304,421.45250458664594,545
11306,486.48019370890347,545
11307,343.6910661203503,79
11308,267.9719675082695,79
11309,365.60296181310156,638
11310,443.99683478367444,868
11312,770.6466466234967,868
11313,375.69722342733195,573
11314,556.8044086021505,573
11315,384.757343976778,573
11316,535.9026515334459,573
11317,263.13655269651036,573
11318,444.4617021276596,545
11319,309.06269236232777,573
11320,437.50952380952384,415
11321,552.8729962894249,415
11322,441.0645048957352,264
11323,349.7233421052631,415
11324,308.2,415
11325,572.8918032786885,6
11326,190.24761510059528,544
11327,136.00004945109288,544
11328,317.9006897432622,544
11329,97.09034701426808,810
11330,258.5300289035115,841
11331,187.86673812075742,182
11332,135.882846215781,841
11333,124.43775000000001,806
11334,269.48886683591047,182
11335,181.31420623970803,842
11336,126.00674047937706,746
11337,187.87450286423177,843
11338,301.69982459854236,842
11339,117.20433622051533,884
11340,264.88442240092456,884
11341,107.2269264941065,945
11342,,Not found
11343,220.9181587224776,993
11344,375.1098337950138,945
11345,150.92767556874384,746
11346,446.338744296096,945
11347,120.0717473574318,993
11348,212.11099281027776,689
11350,189.51757285595335,415
11354,360.3706408140814,423
11355,451.960956618465,27
11356,234.91333510544035,44
11357,502.4786788523832,44
11358,377.339896373057,44
11359,462.19742018078125,44
11360,301.3088556110187,44
11361,414.782737146995,44
11362,219.3970659375329,908
11363,182.68456055453834,908
11364,314.97275144557466,908
11366,356.44995425434587,44
11367,330.23848005251256,908
11368,103.1608093806883,946
11369,255.82045435493336,391
11370,300.5723275924715,391
11371,273.33797398064416,932
11372,509.4644414775256,391
11373,403.8892933049946,44
11374,194.78764194501062,932
11375,440.2051731369716,6
11376,211.32740424567504,963
11377,327.4910382600413,946
11378,77.63011569372075,6
11379,143.58788296472653,963
11380,243.5693496227093,6
11381,242.6790299143158,6
11382,211.30096099491234,140
11383,265.9557417810111,793
11384,321.7317581177987,198
11385,223.71926213804807,171
11386,147.516796875,171
11387,172.96438539476202,41
11388,223.63306809139482,544
11389,306.0297779369628,41
11390,129.31376971479938,962
11391,149.18087804878047,793
11392,200.86596356663472,885
11393,166.3209390272283,962
11394,164.4186892480172,544
11395,165.16417477892546,885
11396,290.5122892607917,824
11398,152.46972163040064,176
11399,244.5957189479747,176
11400,209.34317188842002,342
11401,124.40468600878029,219
11402,222.8907944365865,163
11403,394.0936367121187,580
11404,923.3284921448088,609
11406,264.02700737788786,666
11407,470.1121411146557,456
11408,362.2812127494169,176
11409,321.93153671831936,456
11410,384.6767799431985,456
11411,237.91694493414914,456
11412,217.24426385697473,609
11413,165.8377736938829,635
11414,101.33433538171954,517
11415,268.01019605087487,635
11416,159.62687859656964,635
11417,168.44874531835208,517
11418,489.3316463836944,631
11419,464.23049762924086,766
11420,859.2204071740183,559
11421,506.8400930665426,559
11422,536.6572111735236,559
11423,278.09041566614223,559
11424,223.69849845534878,233
11425,342.4673303046499,233
11426,126.91499459329569,233
11427,343.2435495200188,631
11428,285.9773832742905,631
11429,199.08952077285488,766
11430,357.5860946745562,233
11431,349.7963600451467,233
11432,765.6073646606211,631
11433,302.12655707339667,148
11434,561.8249560716152,148
11435,491.5963884514436,151
11436,325.1675502983577,151
11437,201.9317522260086,636
11438,551.9978520988623,151
11439,,Not found
11440,841.932226346945,636
11441,387.9890643911886,636
11442,886.0824928841497,475
11443,571.7480161127894,636
11444,333.92293033277474,151
11445,1834.9748433147631,771
11446,1142.8234553775742,151
11447,1648.7951703191995,148
11448,1313.5230092437912,148
11449,1015.6391991380858,82
11450,805.9677662831206,778
11451,2484.2,802
11452,269.77782486944676,82
11453,983.1515461169362,82
11454,393.82165843298395,778
11455,481.71447303720703,82
11456,,Not found
11457,330.0369889308337,909
11458,514.5147535449022,909
11459,559.848918387414,909
11460,601.8099472245782,607
11461,339.1177021867407,607
11462,346.69866203656426,909
11463,875.8222594843849,607
11464,225.20196624981165,909
11465,1833.9361062969383,607
11466,535.3423972800925,802
11467,414.99896752270797,358
11468,827.3238495995655,358
11469,551.6587505813052,573
11470,664.0725319512932,573
11473,502.866512,805
11475,437.5,27
11476,390.7386983674811,14
11477,324.1029873039582,14
11478,313.67498308525035,14
11479,359.83685124864274,423
11480,153.29371893357433,423
11481,259.7847150880899,980
11482,379.0807633877706,980
11483,310.434181331293,805
11484,346.5754276601914,980
11485,219.2150351123596,980
11486,400.25,291
11487,469.88461538461536,423
11489,358.1990591942381,980
11490,526.6697135582432,222
11491,206.7633842226695,979
11492,247.23088527057536,980
11493,306.251779051779,637
11494,449.73310798295984,979
11495,198.22221689236557,271
11496,269.68400564449416,666
11497,170.93331201790494,744
11498,249.28673956675203,389
11499,165.94641129812342,389
11500,238.9525554839304,492
11501,199.1521393196395,209
11503,276.4669409086205,744
11504,413.7263075947177,475
11505,1146.3295686274507,475
11506,879.6155176273083,148
11509,481.90752016003,98
11510,259.04184886435996,98
11511,336.7272205144798,844
11512,351.08485976957985,844
11513,328.55079631584,423
11514,395.14559532355656,98
11515,200.18929602990312,423
11516,275.31131591349424,291
11517,210.44334335538184,98
11518,800.2326797385621,98
11519,218.09242205702878,291
11520,338.49988010698144,98
11521,249.04999999999998,291
11522,424.707364192808,475
11523,234.06592083533113,474
11524,458.2436406687929,474
11529,331.3859304258123,441
11530,123.60783258266507,441
11531,286.0310440251572,553
11533,951.9719249692497,441
11534,799.8070718765075,44
11535,814.9974451173354,441
11536,560.3313278008299,553
11537,1558.8625,441
11538,376.54056255690256,441
11539,267.2971414855547,93
11540,1621.265720161354,93
11541,279.16742830854156,1008
11542,1827.2487598990515,1008
11543,284.31950528700906,1011
11544,1102.6191364750748,591
11545,275.1182745892741,681
11546,148.7917264711913,681
11547,356.63616381304956,681
11548,137.1408915283343,392
11549,126.41745689655174,990
11550,541.4454296277409,917
11551,1021.0325330871037,917
11552,357.9593324334274,917
11553,138.73172595520418,162
11554,390.8092239072257,162
11555,282.50046284608266,162
11556,187.17815742584634,162
11557,318.53751192520514,869
11558,439.0124412894961,162
11559,318.0476532587653,868
11560,225.77702044790652,545
11561,259.6695479630434,545
11562,450.2221518987341,868
11563,612.6826977555023,868
11564,266.92470643494596,840
11565,173.5695025926637,264
11566,319.35336872192727,264
11567,280.47132284054715,415
11568,286.382971227246,264
11569,162.92214205452717,689
11570,110.03308913308913,689
11571,347.88972273567464,44
11572,220.34310506860473,44
11573,290.3528047780771,908
11574,347.9704922836492,908
11575,179.58040321612864,824
11576,345.3208862545865,962
11577,97.99318701804931,493
11578,180.9799475016406,493
11579,153.39473849044785,747
11580,472.35748580278783,573
11581,540.765128875607,573
11582,121.8609795823396,27
11583,210.83732276530165,805
11584,201.93478773584906,27
11585,261.9520417321068,27
11586,267.85137178331837,27
11587,359.1091607565012,27
11588,303.1182398256945,637
11589,105.12964904430098,637
11590,136.00127772420444,739
11591,219.03473466828927,739
11592,1149.1534482758623,607
11593,612.4259280411194,98
11594,596.3727134390517,475
11595,599.6522436680511,475
11596,649.9173232410116,475
11597,692.0704344963791,475
11598,160.5670485944811,475
11599,350.44595496960875,475
11600,670.7793113277464,475
11601,123.86537664132689,844
11602,169.29773114977823,422
11603,309.9764296946123,422
11604,625.0161398875447,422
11605,457.2402782168827,422
11606,361.8437717826255,422
11607,874.7594345168117,441
11608,674.4730997378949,441
11609,1097.8880809185348,441
19499,,Not found
19799,,Not found
21001,480.5043374112413,37
21002,139.00468943842526,37
21003,386.7727383173515,789
21004,383.6819059804367,38
21005,861.9646246162433,38
21006,480.9762733446519,38
21007,1138.9835881753313,38
21008,307.1976200246204,36
21009,1365.246782727428,244
21010,667.7255745658836,217
21011,691.4750895255148,232
21012,1566.922297057781,37
21013,1864.8372953305034,510
21014,952.3639156350298,59
21015,1418.2507402422614,38
21016,190.83534024791297,510
21017,783.1826879271072,510
21018,188.59426428720226,861
21019,462.23346972860134,861
21020,370.0819625890737,861
21021,398.16207377224964,790
21022,337.2433397781622,790
21023,460.6482048263685,790
21024,785.9944940303698,861
21025,482.68286466740295,861
21026,1200.2717645421653,790
21027,371.97953365430004,164
21028,854.6822510312317,164
21029,622.972711111111,363
21030,482.0898363033569,451
21031,913.826168359942,451
21032,1252.934383624655,861
21033,1241.072525621227,394
21034,1111.8469626168223,872
21035,1946.0146658868257,872
21036,878.1757227446883,371
21037,396.6319922685948,795
21038,588.1524525436598,872
21039,171.3740137018663,919
21040,257.10361161058313,872
21041,456.70383706440936,276
21042,384.7389405708093,276
21043,1112.4857474440455,872
21044,683.8001713262207,867
21045,218.45303113427514,867
21046,257.9798224852071,795
21047,276.24419700799234,872
21048,1244.7293879691363,919
21049,1233.2893596059114,482
21050,1213.0951260074198,867
21051,1814.129414135985,919
21052,1478.4586323139897,867
21053,1174.9970759280395,276
21054,920.1253590026827,12
21055,2377.2151789976137,67
21056,617.2275849602314,871
21057,904.1992981661762,505
21058,1439.312490632026,752
21059,271.56540097683944,752
21060,1230.0107142857141,752
21061,3095.6510752688173,360
21062,1099.54655608659,1009
21063,287.08575152041703,67
21064,1720.4773218741336,67
21065,766.542118930148,210
21066,231.00275891568197,630
21067,1294.4257130959818,630
21068,405.0930166374781,61
21069,668.5529418990296,16
21070,1366.8659192825114,61
21071,384.2238177128117,18
21072,1043.1407981141606,846
21073,366.7203587623366,590
21074,322.4568922510733,590
21075,1332.2085224744105,590
21076,847.755905268365,964
21077,1645.6686519853183,964
21078,1162.8214791502753,964
21079,429.54087979975503,964
21080,7585.5,648
21081,326.6845829364539,34
21082,1349.6119937896235,34
21083,,Not found
21084,2099.5172945205477,34
21085,2002.3830432079574,648
21086,2297.388777459408,34
21087,1202.3833122629583,765
21088,2178.456779661017,446
21089,782.9537743105154,313
21090,788.354657261711,314
21091,2334.5717906707787,52
21092,3877.5999999999995,765
21093,854.6453339329885,52
21094,1208.6526334208222,462
21095,1088.7719595617168,512
21096,293.91627435358873,512
21097,572.9976763330216,462
21098,1182.784760236479,462
21099,6136.285714285715,168
21100,1809.0345796562935,169
21101,899.4775229026908,168
21102,1517.6720450680273,169
21103,264.73755640639956,169
21104,834.4181306306306,1006
21105,182.90328688395527,406
21106,284.6233227127902,406
21107,178.05632846715326,406
21108,195.87865701925656,406
21109,208.78164149043303,406
21110,246.4150729517396,621
21111,316.3474801490844,926
21112,296.7264604067504,621
21113,296.5249218431425,729
21114,261.03495869873734,285
21115,202.3416394739444,729
21116,334.22311684668256,734
21117,113.03360164141415,239
21118,170.03329676357652,927
21119,48.85008103727715,814
21120,499.2,729
21121,267.59554816662046,729
21122,126.13796797172085,927
21123,108.94673960400831,741
21124,131.99900229203183,533
21125,112.56571895424835,8
21126,197.09923431141573,8
21127,287.1,931
21128,184.90917842971444,8
21129,216.82219523403137,124
21130,355.4533465665902,8
21131,411.66999999999996,927
21132,165.68939091146058,8
21133,155.50297177388512,934
21134,106.92729719809128,513
21135,126.4196619217082,127
21136,83.9009795959801,889
21137,127.23368015414259,889
21138,178.46067183066188,889
21139,152.47910192095927,873
21140,220.21743827160495,239
21141,165.18203557545056,275
21142,132.97083973866256,815
21143,281.085359317905,239
21144,128.51176046412533,281
21145,263.5350693679806,926
21146,284.48399690761505,499
21147,221.14389538538916,539
21148,330.9051678183613,503
21149,203.60264847888251,928
21150,201.6918366097128,279
21151,117.52651495335252,277
21152,124.69987488476227,928
21153,140.45975273611674,816
21154,247.90778820994308,786
21155,238.94381057538953,539
21156,244.95481535119478,503
21157,225.73937874287938,503
21159,344.34898413080066,503
21160,208.4010002206369,503
21161,225.00651128030265,64
21162,181.36678764191328,64
21163,179.4794376009693,930
21164,194.965069040283,96
21165,362.79382776686316,930
21166,224.1868282196599,878
21167,214.6741802867743,273
21168,283.41150652431793,179
21169,142.93809817301343,123
21170,159.1950006328313,278
21171,196.96729853479857,179
21172,189.6627730616865,471
21173,138.58351681587226,748
21174,232.99150475680025,381
21176,293.6293648596268,499
21177,113.51936174260437,531
21178,139.70451494463887,316
21179,89.20418428470754,124
21180,379.4995095440085,499
21181,323.4760189777873,499
21182,232.28214580055442,316
21183,675.9427476677032,179
21184,473.0825396825396,439
21185,739.4985648828564,302
21186,857.8786333826952,302
21187,783.1956766917293,302
21188,167.08600394760452,179
21189,660.857333437966,179
21190,258.5933323067447,179
21191,161.59068789084705,381
21192,,Not found
21193,366.21509273608956,179
21194,149.25694632047623,126
21195,202.97100323018583,499
21196,238.85165776478888,633
21197,550.361927592955,633
21198,181.28138056926508,951
21199,174.83353369634398,951
21200,139.24508807291213,621
21201,207.74792153806183,540
21202,591.6169989441651,365
21203,337.1633295038022,365
21204,401.1418469309322,116
21205,209.47055290584703,453
21207,430.51672339795766,453
21208,539.3728269479301,453
21209,737.9358973241524,503
21210,1152.4455890887984,633
21211,2036.4926835641495,360
21212,1669.406119287374,633
21213,591.6157197778726,633
21214,962.1909307875895,247
21215,754.579794595382,633
21216,263.24086338651296,633
21217,197.6626860841424,633
21219,344.60174385488324,876
21220,412.27359547415,633
21221,355.81973495399683,633
21223,429.2825789629046,876
21224,941.09304964539,871
21225,1434.1235605314962,633
21226,383.2312334217507,285
21227,,Not found
21228,503.40094350748905,833
21229,289.35996100470237,285
21230,177.50738595220858,285
21231,414.1021272092285,250
21232,1120.2507710280372,827
21233,1309.026395039858,451
21234,1229.8523536737234,827
21235,1902.5679158658982,871
21236,287.11057354662506,250
21237,370.20552526354055,250
21239,232.08199437723636,250
21240,358.6686591783835,827
21241,339.6261622881197,827
21242,178.45472366734523,106
21243,403.75552316566393,106
21245,326.62157085295956,106
21246,580.2520746121644,106
21247,429.5801710783323,106
21248,798.1361581920903,106
21249,410.3504050899437,215
21250,436.1000311575012,106
21251,301.46487606731324,944
21254,470.66398858886754,944
21255,616.2429263859437,20
21256,508.3846143722032,888
21257,571.5506134201302,20
21258,443.4910449172577,888
21259,193.58900996487205,944
21260,357.8685449438202,944
21261,257.083848235072,247
21262,636.1962085779679,247
21263,487.53494149567575,508
21265,452.2316815732459,508
21266,215.7135339658886,710
21267,218.0782144973336,710
21268,313.0163126504133,710
21269,178.29432117337348,64
21270,199.53244667658728,554
21271,224.80949260752686,554
21272,290.6961714722169,944
21273,257.20957637997435,878
21274,690.3041525254541,20
21275,403.1080101522843,1005
21276,511.0027646071924,360
21277,547.3595986038396,508
21278,294.86792735042735,1005
21279,1180.1221157259497,1005
21280,567.5769389256807,1005
21281,459.51292091547697,1005
21282,852.4784752434225,20
21283,452.39473413555487,1005
21284,361.59392678868556,20
21285,836.383523248199,1005
21286,1616.6860903417166,360
21287,498.90166089965396,72
21288,1523.1003351051536,446
21289,1439.4923858713762,72
21290,565.8371378755365,446
21291,994.8731157940006,72
21292,882.243601680084,72
21293,237.94183401146256,72
21294,343.8099519826518,159
21295,356.97665272711095,212
21297,504.5673278339049,801
21299,551.9265335051547,791
21300,246.39481179048,216
21301,334.2361722823126,216
21302,442.02246950460545,216
21303,494.70785114590427,216
21304,324.7056893798243,216
21305,615.6937431394073,72
21306,550.3011129404016,216
21308,727.8243016037247,216
21309,325.473751611517,405
21310,285.8171076534239,405
21311,202.44054875061246,212
21312,199.00218919640474,801
21313,506.72038607780064,439
21314,412.314999037536,764
21316,257.6980021310602,764
21317,392.93159247361166,696
21318,381.9595779990517,696
21319,400.5542189033032,954
21320,193.7544418625436,405
21321,314.45945637711463,954
21322,205.39512663483498,954
21323,317.9185097885157,954
21324,229.4004634678299,954
21325,356.7007998348728,888
21326,278.98739161003044,405
21327,394.79448429134254,890
21328,385.0403114628542,833
21329,369.43509336099584,833
21330,317.5452336519785,228
21331,433.8267132361797,377
21332,453.33534417261814,833
21333,505.37321751719145,833
21334,360.1452930905463,833
21335,237.36054896487556,833
21336,400.2715233816623,833
21337,244.40386947979837,833
21338,511.3711437961317,833
21339,212.09952357071217,377
21340,328.16693263949116,377
21341,160.61641744057926,376
21342,432.134362732269,376
21343,421.64512377826924,376
21344,336.434756618275,984
21345,510.1627002735444,960
21346,161.43937666040307,984
21347,242.22221551298236,923
21348,86.74209881083732,931
21349,218.9728985744716,923
21350,157.43614901451159,931
21351,188.91890403775565,916
21352,277.44753475754493,931
21353,314.45298595422844,244
21355,251.34130047505937,377
21356,375.5036809815951,534
21357,430.29743720950063,534
21358,259.20689497716893,534
21359,709.1764744429884,228
21360,352.2347116034743,377
21361,385.3789342214821,960
21362,288.5571142387508,378
21363,528.633979051695,960
21365,606.4162744590983,378
21366,540.7914725368669,960
21368,342.3889735862436,378
21369,671.8907731958762,378
21370,531.6983382445293,665
21371,190.10420870950608,302
21372,270.86791915003886,794
21373,275.623686377862,302
21374,304.3129001132693,665
21375,464.93046036271,302
21376,608.0742881135965,665
21377,783.270411406775,725
21378,1128.7352471200297,725
21379,1267.431401886108,63
21380,207.44233655770515,63
21381,458.8945475897551,63
21382,484.64522651097417,63
21383,663.4828047427137,725
21384,320.6072438837921,725
21385,632.6676561636264,326
21386,233.48140490871717,257
21387,1375.9966498103665,257
21388,326.88755010174503,986
21389,1486.2307309941518,986
21390,577.2640297202797,967
21391,531.2319723806664,262
21392,504.6546183253176,821
21393,1431.6957894736843,266
21394,674.7964432284543,743
21395,700.0415102575295,548
21396,807.2354946663878,547
21398,1510.9349798657718,497
21399,1177.0768327946928,548
21400,409.1100806451613,263
21401,984.3776725304466,191
21402,180.87116816431325,432
21403,420.4173135233475,718
21404,237.10993937167,838
21405,1102.0620185505425,838
21406,264.80757617348337,265
21407,473.2636947349111,450
21408,1197.7356824731467,265
21409,332.85346381663663,719
21410,971.2944142362827,335
21411,202.51504340962902,188
21412,1338.2712244109696,1007
21413,692.3490759586421,640
21414,226.20996845425867,1007
21415,699.8109230963505,333
21416,238.4979034512418,333
21417,581.8163595466737,333
21418,1262.3296614583332,333
21419,692.1424056883271,334
21420,862.4234062035023,372
21421,247.16428212599217,971
21422,363.9661893764434,686
21423,1170.7759247027743,971
21424,275.69113715813285,247
21425,170.88863342434257,247
21426,280.21637470409195,561
21427,195.76401543817164,381
21428,415.4029176658673,621
21429,408.2436009212042,406
21430,1008.1546512737334,633
21431,400.3008741258742,876
21432,310.4637419200383,876
21433,419.6464647394586,876
21434,833.2489868963844,633
21435,663.3024036469126,633
21436,544.7437406359247,633
21437,580.5161717628878,876
21438,312.7160440850987,106
21439,556.281146978022,106
21440,252.99672571121846,250
21441,210.39618502622793,215
21442,369.24944646254977,215
21443,243.5446017481226,215
21444,278.80622658845147,215
21445,577.5994982290437,215
21446,458.57315308798263,944
21447,375.7506055363322,20
21448,366.2267964893033,20
21449,641.1225269573371,20
21450,372.5111403393397,508
21451,338.97835390946506,508
21452,280.3110804500106,508
21453,397.4129601613717,801
21454,411.5934340412803,801
21455,448.4204433864008,72
21456,431.6440294243679,72
21457,506.3579007546307,159
21458,548.8751163068114,72
21459,207.6441489361702,764
21460,205.15410249530456,696
21461,431.37004637436763,228
21462,491.3099604221636,377
21463,530.3700728826338,377
21464,709.9169691991787,960
21465,435.9732970498034,960
21466,459.0881419363781,960
21467,342.3285210913118,378
21468,510.1441539763114,378
21469,240.140728257266,548
21470,345.0609441471113,548
21471,175.48746422438464,768
21472,224.1068358575522,192
21473,1488.7961415396198,192
21474,784.0151672862453,856
21475,1241.5653706293706,896
21476,969.3670979123788,653
21477,1568.2965657478537,804
21478,752.0806030364158,582
21479,324.0024424946645,804
21480,359.4881066832067,769
29499,,Not found
29799,,Not found
31001,540.9826129485847,526
31002,808.8017719464358,290
31003,789.3783213974968,526
31004,741.8513175118093,526
31005,981.5015433741352,526
31006,628.1809753575737,526
31007,323.2445291933851,526
31008,401.8616549114054,526
31009,928.0053771039444,526
31011,842.320602760542,774
31012,373.4277739912759,526
31013,703.8372924308103,526
31014,1158.0090909090907,728
31015,1311.7747572815535,290
31016,1147.326160706479,290
31017,672.6081041615965,813
31018,894.3825917431192,290
31019,1016.3246914952754,290
31020,1241.3722423967317,813
31021,1116.907834008097,813
31022,388.5507212529194,675
31023,472.02423943835447,268
31024,477.0685600618853,268
31025,212.04387118720942,626
31026,300.8164280031822,626
31027,307.83568002601413,268
31028,126.25817400644469,178
31029,182.7359609849696,268
31030,273.4629921259842,178
31031,288.6924175103795,382
31032,262.50249617151604,382
31033,207.43648470657106,382
31034,247.1854121973644,178
31035,565.6203981723238,178
31036,865.5355670103094,728
31037,776.816911764706,728
31038,427.00380937926855,178
31039,645.3332640980371,178
31040,403.4463061441544,382
31041,563.9045886169272,675
31042,694.1587453874538,664
31043,709.0399727148704,178
31044,765.8580564170728,675
31045,504.62368853806936,178
31046,338.23106828561885,178
31047,359.5152826301173,340
31048,577.7721999651629,813
31049,568.8744322808287,340
31050,448.0335121054245,340
31051,629.0170599834615,290
31052,208.04469949185213,691
31053,223.79739249486587,340
31054,196.12381251307804,691
31055,112.13282711565975,340
31056,234.20609741431147,340
31057,216.4418619279761,340
31058,137.86524720317573,515
31059,388.6251237754135,691
31060,358.26412570826193,290
31061,192.06275449101798,290
31062,367.7716205352016,290
31063,331.6756946769334,290
31064,580.8965549936788,290
31065,137.4027670940171,290
31066,240.0871012482663,290
31067,186.8289641361733,697
31068,411.9035923542407,691
31069,146.55884540117415,697
31070,313.2700598802395,697
31071,295.22401795735124,340
31072,531.7726443048476,478
31073,434.289079077663,478
31074,567.3724671470961,478
31075,354.7921126941343,478
31076,510.37595347862526,828
31077,525.8319980868109,828
31078,419.7507210205214,828
31079,179.27860528097494,828
31080,366.3947391762292,828
31081,479.58652000000006,153
31082,454.6890591741166,153
31083,569.7666418281174,153
31084,287.0977082461281,153
31085,600.5027988070659,153
31086,1296.0086348765738,902
31087,907.7922747415065,902
31088,534.6377303588749,902
31089,610.1625092432832,902
31090,644.9870482271122,902
31091,1143.0232704402517,902
31092,529.1741314301105,902
31093,368.26860272840014,153
31094,388.3179368872045,902
31095,479.6967169476486,153
31096,359.22955088389875,891
31097,258.0002722537879,902
31098,128.43963556316498,563
31099,1811.8,711
31100,311.3113421015415,563
31101,185.77195589645257,563
31102,,Not found
31103,626.1705325156354,711
31104,613.979002120998,563
31105,153.70169907680219,699
31106,149.10046218487395,699
31107,189.71656711725876,515
31108,179.22438222763236,813
31109,152.80868815180744,610
31110,148.16170036001108,525
31111,54.11198945981555,699
31112,279.72056988352745,525
31113,497.42867664528393,813
31114,537.8413844770752,813
31115,183.8972832670012,813
31116,395.5093196457327,813
31117,469.7077593722756,813
31118,346.1731618807195,813
31119,323.0441292639138,728
31120,217.22510006671112,563
31121,524.9567048321366,728
31122,435.8947805343511,728
31123,327.77697383926466,563
31124,487.28275862068966,728
31125,551.2169815371404,728
31126,189.57531526164234,782
31127,313.4122379032258,563
31128,218.6070529676935,728
31129,322.69822064056933,728
31130,267.02063426118264,728
31131,369.28014344262294,728
31132,313.1682586168056,563
31133,61.81337695383498,933
31134,266.31157602549604,711
31135,212.49672373900972,933
31136,220.32895287958112,782
31137,141.63714312113092,902
31138,620.6666418327436,863
31139,1343.0092870976666,863
31140,596.2893628964356,863
31141,988.1117491441021,863
31142,1086.251810425181,863
31143,941.0174344782679,863
31144,931.6097813866335,330
31145,110.41564280080622,863
31146,558.7590974903476,130
31147,814.3559315730755,330
31148,597.8524508670521,330
31149,464.4003751774488,863
31150,,Not found
31151,340.8031255195345,863
31152,256.6727239013536,863
31153,704.7758783620062,130
31154,255.05592844704762,130
31155,692.7633677991137,130
31156,433.40086775849426,863
31157,543.6123089632384,130
31158,738.5262885384795,32
31159,309.0213919178961,397
31160,1251.360548014715,397
31161,1317.5619975524805,912
31162,,Not found
31163,2675.5790625,330
31164,1695.951171998733,571
31165,1016.7278041374075,571
31166,355.8694127548158,25
31167,1954.0698892599753,368
31168,2042.2496886120996,506
31169,1376.056287708506,25
31170,448.36675373806526,506
31171,1179.080616438356,784
31172,615.1694488965603,181
31173,298.95496772161863,329
31174,1805.5048033906287,395
31175,1648.590208588957,549
31176,192.49821637426902,723
31177,1885.8223995880537,723
31178,2059.890635372214,850
31179,2146.5215386411396,642
31180,890.036559712422,642
31181,1207.8341367881892,551
31182,2162.633752400908,781
31183,715.4317223922769,226
31184,2443.127307848719,903
31185,1524.1192867198497,952
31186,1946.7078372591006,952
31187,255.96560368663592,819
31188,1135.0579941105145,819
31189,267.45889448568397,952
31190,930.1580378087485,80
31191,2830.860372960373,270
31192,312.3165287424265,270
31205,427.4770024712894,373
31206,1517.6379071009076,522
31207,1554.0082021237642,156
31208,647.1007601630495,373
31209,1130.6211488250656,373
31210,847.1842830253252,522
31211,611.6570106907895,373
31212,259.59915311653117,578
31213,612.9587099950763,373
31214,426.29812536613946,373
31215,612.198026411261,373
31216,193.19443603967056,373
31217,312.77014607425434,373
31218,1802.4303047895503,156
31219,2233.7147161878065,156
31220,2443.2550496405343,720
31221,4374.9,156
31222,139.5226219512195,522
31223,421.6114424832623,156
31224,455.64532355589864,673
31225,687.9597198496753,717
31226,619.3497919164845,717
31227,553.1642226519803,673
31228,546.8988532110092,716
31229,689.7494062454186,716
31230,237.52061248527679,917
31231,356.2201894140556,407
31232,670.3773493975903,407
31233,783.347380128522,407
31234,662.0190860031423,407
31235,304.5651194539249,384
31236,309.37491186839014,384
31237,444.10476144391754,384
31238,231.38450172385487,773
31239,582.2767209277583,384
31240,400.2286375661376,384
31241,1526.473327049953,716
31242,1877.3810575776702,58
31243,974.2503712004483,717
31244,495.3472474554012,717
31245,508.12551913935454,717
31246,506.645124157211,673
31247,609.2491022264784,716
31248,748.3897034435665,673
31249,671.4450226367752,325
31250,504.1821728081321,716
31251,1104.8745358887636,325
31252,755.7935388263189,325
31253,909.2119003115264,384
31254,1425.4012025143481,774
31255,936.7232773066572,774
31256,791.428144205791,325
31257,1157.1718790920993,325
31258,1066.4407779131661,325
31259,491.62106413994167,673
31260,377.5183396865735,716
31261,295.6932734452979,716
31262,423.5747162632028,717
31263,288.2707136237256,673
31264,360.911487018096,325
31265,319.890709692237,325
31267,209.58768720704242,673
31268,258.9198409191339,673
31269,242.4331267751097,756
31270,302.96536770921387,673
31271,273.6336782308785,153
31272,542.3809068010077,153
31273,731.7548557188776,478
31274,579.9129365387819,153
31275,290.08337167689166,153
31276,584.1614004829254,877
31277,1030.8281307782822,88
31278,916.6679753656658,282
31279,3171.3000000000006,399
31280,1043.1900917708754,457
31281,1800.8362903800896,399
31282,1176.9564005069708,399
31283,468.0382274768582,400
31284,579.5312380524008,399
31285,416.3378973828183,399
31286,178.94514993880048,400
31287,299.1059161690015,399
31288,740.1465833153696,399
31289,924.4945936139333,399
31290,918.6914201183431,399
31291,356.5753110674525,400
31292,331.0772357723577,399
31293,366.36859151228487,399
31294,698.700518246599,399
31295,777.0612471433236,877
31296,804.3558586078989,877
31297,532.1331706788116,877
31298,477.2,877
31299,782.6307184145334,877
31300,492.72322722685993,877
31301,,Not found
31302,878.4406778783957,877
31303,745.0136887182518,877
31304,980.7129090791265,877
31305,797.1137249263068,58
31306,577.0537099903007,774
31307,588.7398062626718,774
31308,626.0033145464304,479
31309,585.8788554633471,774
31310,900.5199176954733,774
31311,510.8007845060063,478
31312,283.45909829406986,478
31313,930.0164589515332,479
31314,641.7545264914476,478
31315,,Not found
31316,349.02788790993634,478
31317,563.2205491769264,478
31318,911.407144408252,478
31319,425.3586959247649,478
31320,1361.9068397326284,478
31321,1472.781001901362,58
31322,1218.7506051544922,479
31323,578.2530437188711,479
31324,432.5486042110244,774
31325,327.3357232817561,774
31326,258.2801724964063,479
31327,244.97770055770056,774
31328,427.91595465228806,479
31329,398.48601324902137,774
31330,522.2895835337117,479
31331,590.491462618348,479
31332,626.3815337780944,290
31333,473.7999136359275,479
31334,510.35822976332,774
31335,549.4137996219281,290
31336,677.9743540822004,774
31337,308.37412203687444,94
31338,3150.3439793038565,256
31339,1226.5244870410368,184
31340,1186.1900173611111,197
31341,261.69981726815894,565
31342,442.49785637727757,487
31343,362.16797549429134,518
31344,800.7604100818543,487
31345,7716.280000000001,486
31346,177.938508120011,518
31347,609.3595375722543,518
31348,293.13832335329346,521
31349,239.76779350541213,521
31350,453.2251242297754,486
31351,2134.2739873108835,486
31352,831.5393239972337,749
31353,1794.6057160493829,521
31354,931.7347070074769,487
31355,724.7558305994631,518
31356,326.4427847346452,518
31357,1111.0981752265861,486
31358,207.40277240490005,486
31359,1468.429416769802,692
31360,,Not found
31361,686.841630539499,692
31362,1299.625176565548,121
31363,1564.910196641626,121
31364,751.1663549039434,121
31365,381.5465917547254,122
31366,495.5840163329562,121
31367,791.271551724138,122
31368,534.0687870172945,121
31369,1053.3384069000508,122
31370,987.7538233110618,434
31371,1624.906044795113,434
31372,788.0141394753679,121
31373,679.5924752298491,622
31374,807.380847107438,121
31375,926.6125868102289,622
31376,971.9404824851287,121
31377,289.39397721764414,664
31378,248.96603773584908,706
31379,168.62007881773397,706
31380,321.4768609448544,664
31382,543.0153048317734,626
31383,669.8220618007458,675
31384,1570.8745439566906,675
31385,682.078938119744,675
31386,490.6153200958576,563
31387,1312.3107097213938,563
31388,421.57536583326373,622
31389,503.16414900302806,622
31390,300.14095465710676,622
31391,425.74003700818076,675
31392,450.7288259783515,675
31393,540.9136468153599,675
31394,294.19691629955946,675
31395,18638.62641509434,956
31396,5775.4997606382985,201
31397,12406.321548507462,618
31398,30447.02716558633,618
31399,370.2833987861478,43
31400,2552.850890034936,506
31401,479.0874028856826,894
31402,2854.6813604240283,43
31403,259.0876020408163,956
31404,1602.2555371900828,248
31405,339.7694158636834,577
31406,1910.1517323067812,186
31407,1921.2582326764145,709
31408,2165.2228196443693,47
31409,697.340088619403,173
31410,9233.91837991473,989
31411,3341.1502671891694,225
31412,1092.8087275693313,481
31413,487.2582575164186,110
31414,574.9754383813611,111
31415,426.6627896652757,110
31416,761.4618913676043,428
31417,221.66706408345752,132
31418,416.7889427588364,428
31419,244.6593852581319,131
31420,409.99976317347546,132
31421,443.5535632959433,131
31422,210.89504216713516,132
31423,273.4944082404877,428
31424,267.086804756425,832
31425,993.5824236628187,110
31426,652.4025777941447,110
31427,220.22848861499898,830
31428,285.58180568679666,830
31434,596.4886277143497,617
31435,304.00610301709304,617
31437,702.8082156019656,617
31438,403.1011149893349,617
31439,1448.3509210686836,496
31440,585.235989204412,496
31441,1464.4123988289996,122
31442,1160.9122330479286,131
31443,1321.8494258373207,595
31444,1048.283465085639,594
31445,1107.796235632184,903
31446,549.5579333915067,903
31447,462.9170440066647,903
31448,284.11448867444045,306
31449,1246.8296186770428,781
31450,1068.167180031864,781
31451,1011.8605413480975,306
31452,528.244099901782,817
31453,246.84653898199232,781
31454,291.7015507928211,781
31455,304.0565082397898,817
31456,305.19711293941657,817
31457,214.40139358540833,817
31458,689.3280982823692,781
31459,205.4833509195056,781
31460,200.67458001768347,31
31461,1083.3206988226357,383
31462,209.26195211786373,174
31463,3823.664090305445,174
31464,210.5113063063063,393
31465,1702.668294199969,393
31466,530.0,412
31467,278.4456612432207,516
31468,385.19417504729665,886
31469,480.03254473764025,906
31470,843.6647034425549,442
31471,493.7663806254768,442
31472,353.0661186440678,886
31473,1004.8316736625882,906
31474,298.6333979829325,886
31475,161.4453363914373,906
31476,213.18405984008254,906
31477,327.6254043294352,906
31478,171.50699980556098,527
31479,76.47864036028307,624
31480,939.106430656247,442
31481,255.64268152132158,442
31482,313.86374645709867,442
31483,8957.994137638061,527
31484,430.08547119009154,906
31485,172.05116279069765,516
31486,1938.5643508330713,906
31487,452.73486701314584,527
31488,279.1724151160561,527
31489,1913.6723736314932,516
31490,340.9606776294008,906
31491,574.0242200328406,516
31492,485.3994863013699,304
31493,1210.0214939759035,304
31494,658.5029698769622,519
31495,194.46546374918353,304
31496,441.800293255132,304
31497,419.9626764461666,115
31498,1798.5033643602108,115
31499,1193.3075488997556,180
31500,286.33108745452097,519
31501,251.55755958733545,304
31502,439.76069526212495,304
31503,667.9822315916277,308
31504,1096.9336390243902,312
31505,252.92971734892785,761
31506,1028.7397029599413,996
31507,1175.6429992348892,761
31508,1402.2947835159102,562
31509,1301.8210591642533,597
31510,4703.0,562
31511,3379.02972801018,353
31512,227.31591276820262,353
31513,417.5032372505543,353
31514,1284.1514613891286,353
31515,2101.4423631908526,353
31516,1033.2082063561168,370
31517,762.7509359400998,370
31518,208.97337984607637,370
31519,466.333052335792,370
31520,296.41782244110203,370
31521,508.5675180455303,370
31522,1709.5930944147542,511
31523,552.1773266708307,511
31524,280.6164453467954,511
31525,1875.0342707962502,511
31526,523.022699163332,511
31527,7767.233894923519,526
31528,1228.2410859090373,581
31529,168.8683359415754,76
31530,5617.83518056249,315
31531,1655.1478707339172,315
31532,406.04799999999994,520
31533,606.9864160774098,315
31534,335.53572377158036,315
31535,1913.4177506196054,315
31536,412.9255254424779,315
31537,,Not found
31538,604.5421129503408,315
31539,181.57726692209454,520
31540,126.35540568020066,773
31541,160.14650500116306,883
31542,610.9528725314183,706
31543,979.6602925531915,617
31544,910.5427504751561,617
31545,683.1151250448726,830
31546,581.4816191983122,594
31547,994.7076988636364,594
31548,304.24240582621803,594
31549,1385.0396772270872,617
39499,,Not found
39799,,Not found
41001,104.72046342270772,147
41002,108.70863967958803,994
41003,648.9670137870344,348
41004,418.5388465723612,822
41005,767.2190411883863,572
41006,1017.1482136931755,348
41007,295.8634484743811,572
41008,1125.5798987021208,572
41009,716.6858505564387,572
41010,650.9993164603732,416
41011,188.3948407987048,416
41012,268.4798546964193,305
41013,157.0258029706741,117
41014,649.6123758594347,416
41015,460.87566771605566,416
41016,283.12130533327166,416
41017,102.36670963903212,117
41018,258.30509765783285,776
41019,169.52479134466768,776
41020,143.3764715554094,146
41021,287.8075139722625,146
41022,140.14088977423637,146
41023,210.90573103409028,655
41024,115.74301828662294,305
41025,423.515123490371,307
41026,369.1051675413807,307
41027,1573.581132075472,307
41028,708.2127372323356,485
41029,740.7994950927554,485
41030,195.51355162754757,485
41031,369.1621667568194,485
41032,950.8235492911309,485
41033,869.7870304468169,485
41034,579.4626947231058,485
41035,1096.220798668885,133
41036,289.6872514265952,355
41037,286.1012463462163,355
41038,328.7045461261883,146
41039,,Not found
41040,386.8046262626263,556
41041,453.79811204596757,556
41042,554.0,133
41043,603.8491267406183,133
41044,591.0118782879005,133
41046,360.8722609929078,133
41047,455.239223499943,485
41048,492.3672704052015,133
41049,628.6812976730713,556
41050,730.8347482174687,485
41051,420.7703717862945,556
41052,237.10177406571967,556
41053,338.23889300455073,556
41054,470.3689826920682,556
41055,301.27031111111114,556
41056,157.42416684739388,345
41057,198.43391356844594,318
41058,356.28980712166174,24
41059,685.5823060188543,345
41060,341.00426586232896,345
41061,266.22964724534285,298
41062,340.8637455637455,318
41063,698.6252274525316,298
41064,233.3645525629887,345
41065,651.0311862936456,305
41066,269.99133773406976,298
41067,610.6813518456934,298
41068,380.99331412103743,655
41069,319.8967087011349,655
41070,297.66359464152816,298
41071,682.2511727443931,298
41072,977.4792666276576,529
41073,285.04014770416353,616
41074,345.4933794851794,616
41075,993.2881514810649,298
41076,719.3357093104249,298
41077,484.43966597077247,298
41078,422.06910272669626,616
41079,323.87816001054443,616
41080,636.5698811096432,298
41081,,Not found
41082,460.5354838709678,616
41083,312.11817569841804,529
41084,506.77453649205415,616
41085,395.39282868525896,616
41086,584.1384260168992,616
41087,597.8419442829675,616
41088,687.8326386850603,529
41089,750.3924823943662,298
41090,169.15874677002583,880
41091,288.8141811654239,880
41092,185.0765276561342,974
41093,318.2643551965413,688
41094,320.9193189596167,880
41095,233.4767810026385,974
41096,273.84755902221605,807
41097,251.3944314084588,688
41098,,Not found
41099,171.24785576392722,807
41100,492.36760118043844,807
41101,359.2903318769174,807
41102,339.85571459553245,688
41103,662.6,807
41104,,Not found
41105,291.98892204401346,974
41106,408.3608209249192,727
41107,285.8843699632186,24
41108,257.74850142865824,727
41109,445.0032127702566,974
41110,443.6708072487644,19
41111,742.8092235713491,421
41112,943.184516444155,307
41113,2118.304588309239,35
41114,616.9411260709915,19
41115,232.2798374698001,849
41116,233.4806124969128,183
41117,815.9935166187935,715
41118,861.9594549366483,118
41119,967.6939365179795,35
41120,678.7147960308711,402
41121,770.3763377152378,650
41122,286.9553815489749,685
41123,732.7980054397099,220
41124,768.5636069935384,632
41125,1450.2716230150545,632
41126,317.3233026610296,632
41127,1589.2147550189525,170
41128,1174.0395913154534,772
41129,354.3442450253609,166
41130,922.8200215285252,223
41131,819.9651722510617,185
41132,1341.1316114790288,1000
41133,315.19035698320454,682
41134,2252.304827780915,825
41135,39765.145454545454,166
41136,391.3327424256377,982
41137,,Not found
41138,30438.070233377366,13
41139,346.1041383219955,200
41140,760.7866886171214,702
41141,10588.05039817975,702
41142,364.17441156939424,679
41143,216.6442218798151,726
41144,1198.4656821251688,762
41145,1469.071626223925,420
41146,244.9986012998022,823
41147,1326.862454336355,823
41148,313.752989432703,762
41149,1722.7467772925763,762
41150,1223.0733241188666,574
41151,1125.0116179232627,440
41152,196.8156064947469,550
41154,195.17897265948633,599
41155,1620.6360070515645,599
41156,604.2244636567403,667
41157,1102.8972644376902,91
41158,1195.2925015365704,550
41159,424.2627056110684,50
41160,159.11186274509805,713
41161,794.9114426229507,461
41162,309.12418239581393,484
41163,1220.133784579164,484
41164,1001.4226653696498,504
41165,285.0290522485644,588
41166,1186.1399126399126,588
41167,198.06311934510987,708
41168,647.3717157065893,708
41169,1536.751340854448,845
41170,881.2968863361547,938
41171,684.6860919712402,355
41172,457.18252226668386,355
41173,406.12033702520887,574
41174,314.1433780505209,574
49499,,Not found
49799,,Not found
51001,924.6435722201699,507
51002,410.5227597476628,119
51003,1389.745743749392,119
51004,358.02837760802646,507
51005,1011.923137678277,792
51007,1225.4114335126824,114
51008,284.39157785671995,792
51009,345.30459704880815,196
51010,1022.1168152866242,792
51011,259.2384615384616,792
51012,690.3005028980566,792
51014,863.1920293888458,356
51015,440.1642867322218,792
51016,1466.5841990819038,589
51017,657.5085066162571,101
51018,618.5987199180746,246
51019,317.35807553956835,949
51020,1276.1157538338978,663
51021,1332.040895104895,662
51022,974.6588529244747,662
51023,202.8187658324045,662
51024,675.8545022673288,662
51025,387.1831305309735,662
51026,657.4009620340148,662
51027,642.6372045800665,662
51028,361.6926738125676,662
51029,539.5762172284644,589
51030,500.34920586900614,820
51031,172.20262121585037,73
51032,355.0848838788537,73
51033,257.1356516211062,820
51034,499.7768439273007,73
51035,189.45899167837456,380
51036,233.92102102102098,820
51037,290.6411764705882,669
51038,151.19339305711088,654
51039,185.76208189681245,941
51040,163.48858763471355,654
51041,130.46627372052905,614
51042,130.89345828515792,436
51043,194.5232928127276,803
51044,634.679954954955,797
51045,430.39356511131444,941
51046,276.0750157629256,799
51047,621.0494334408107,941
51048,528.5223886184949,981
51049,1948.3310308182784,798
51050,765.4193032148421,798
51051,422.9469506474011,798
51052,3224.8363636363633,798
51053,1303.1005515419872,798
51054,425.7151952250683,798
51055,5210.5199999999995,798
51056,731.3991534898579,981
51057,757.7374930885767,981
51058,1994.9110399689562,797
51059,1283.8478303010163,797
51060,1781.8867813987554,798
51061,404.1517340349199,797
51062,715.0791119508739,797
51063,665.4,981
51064,,Not found
51065,464.01155555555556,798
51066,236.96767213114754,797
51067,574.2033255542591,798
51068,1363.1473609991942,797
51069,,Not found
51070,510.33685606447006,410
51071,362.5199174929435,410
51072,250.1137878986744,320
51073,373.7506526631658,320
51074,382.7310859246343,410
51075,509.1488138096556,320
51076,408.79575280638824,410
51077,280.00810094915755,410
51078,469.6817464572961,320
51079,607.9818173687506,410
51080,474.2040673211781,410
51081,442.07657016683027,320
51082,386.81665626949473,320
51083,588.0818113450795,320
51084,245.75530140110786,981
51085,351.4413360020015,981
51086,456.12283379650756,981
51087,,Not found
51088,344.49390936555886,652
51089,368.77054794520546,652
51090,264.7465744920993,981
51091,371.24285714285713,652
51092,513.3301653160454,652
51093,262.20370505433596,652
51094,491.24099081102673,320
51095,282.35838926174495,654
51096,467.84431077694234,803
51097,314.34677275620624,654
51098,628.1947935818151,981
51099,862.090442274065,410
51100,503.3151069599277,410
51101,634.6004861111112,410
51102,371.05749742651267,981
51103,682.3477625462854,981
51104,501.71421012849584,981
51105,828.4174169545574,410
51106,502.6,410
51107,465.8351605383864,410
51108,705.277379741885,410
51110,393.3217085953879,21
51111,1734.2,21
51112,431.11589965710164,21
51113,865.7711534468439,21
51114,314.96476244882416,21
51115,365.8502699309479,21
51116,708.5662204500143,21
51117,442.1279642058165,21
51118,629.168506470794,799
51119,390.53324680028976,69
51120,409.34999999999997,69
51121,683.4,69
51122,510.5970337981565,69
51123,373.32019701040167,767
51124,292.98349722957124,69
51125,647.4568548791495,294
51126,,Not found
51127,286.43324830875014,69
51128,598.0894866410832,69
51129,476.81432603044937,294
51130,262.6210526315789,69
51131,465.4586005830904,294
51132,549.4825714285715,69
51133,779.230947313556,294
51134,673.7147076225224,21
51135,875.8342029289801,21
51136,765.3468283035453,21
51137,758.6319327731093,69
51138,717.2818634271647,69
51139,551.3109812515218,798
51140,380.79461491976105,417
51141,593.5962295081966,417
51142,859.8767391304348,21
51143,1182.7849250197316,21
51144,1692.3217253121454,21
51145,180.95056757335615,767
51146,425.5565293296089,767
51147,189.72635008749168,767
51148,734.2971098926206,294
51150,683.2000000000002,294
51151,,Not found
51152,729.9534628571429,303
51153,520.294979747146,294
51154,451.2257214313197,303
51155,977.78125,721
51158,462.0353684210526,303
51159,461.70680272108837,294
51160,620.8264199485454,303
51161,718.7336561743341,294
51163,777.8796231961518,294
51164,318.0840027137042,303
51165,230.90095449351347,303
51166,313.55122392211405,303
51167,385.65000000000003,303
51169,941.0779984284591,721
51170,742.797259201253,721
51172,1127.7626865671643,294
51173,854.3739130434784,721
51174,905.9543801954875,721
51175,329.47286285922155,26
51176,313.6975984889368,294
51177,266.92480801579757,26
51178,387.42420368962894,26
51179,310.5894131334023,294
51180,305.270565193061,294
51181,157.52593890220666,26
51182,367.6482772697583,294
51183,323.3536525475752,26
51184,368.80599257258615,26
51185,599.9525617330708,939
51186,214.46603444263437,939
51187,488.9471486761711,939
51188,467.76786940467707,939
51189,247.6,939
51190,445.01969631236443,939
51191,761.4154300254453,939
51192,185.34410631122532,939
51193,328.0560022438295,939
51225,379.03968499507806,7
51226,1955.4519264448338,7
51227,634.5207558859976,7
51228,727.7644557823129,238
51229,3673.51315880124,323
51230,362.96593358258195,426
51231,1750.1034293879497,444
51232,1194.5897464167585,7
51233,714.0642104254504,7
51234,1226.6254214033713,678
51235,,Not found
51236,2770.7901978746786,410
51237,651.8591153470186,224
51238,1222.114116758933,328
51239,4313.547424511546,410
51240,576.3527483313703,541
51241,1367.164544502618,564
51242,2317.1425039123633,541
51243,666.3292327089337,628
51244,2466.6016056083217,628
51245,597.8483738317757,1010
51246,852.599379217274,676
51247,2039.1104446012703,459
51248,775.3057819169576,83
51249,207.95857598299682,603
51250,1207.1948619008933,937
51251,496.2971109871724,114
51252,593.9620989304813,114
51253,386.09335905434244,792
51254,343.9703861828061,114
51255,1220.1170931551749,410
51256,1198.8504076086956,410
51257,2070.0035286284956,410
51258,1686.5552625622454,410
51259,851.6432725060828,294
51260,505.5703646237393,294
51261,1044.5364950462886,294
51262,326.84038227503765,108
51263,3654.354138557343,240
51264,7303.069494640122,354
51265,4566.002572706935,448
51266,10449.281211041853,108
51267,16939.866376463528,613
51268,158.44146341463414,613
51269,1583.103934652554,364
51270,387.34963111298487,364
51271,3765.2839782392152,899
51272,317.0893761814745,425
51273,1505.4423330365091,722
51274,389.09673868057274,283
51275,3061.535324540988,283
51276,312.85322269394055,158
51277,6417.454817738564,288
51278,427.1534292972058,419
51279,278.58424190188896,419
51280,155.21188431992772,419
51281,433.0,419
51282,3256.9751815181517,419
51283,23904.024472664656,465
51284,,Not found
51285,290.29911976301315,796
51286,458.4240587349397,796
51287,784.3514449362145,796
51288,332.2875501202887,796
51289,499.0043575418994,245
51290,8326.277294842685,530
51291,2215.565227159261,623
51292,867.0304099462365,629
59499,,Not found
59799,,Not found
61001,1282.912786705123,136
61002,1543.1546788990825,136
61003,1109.919962859796,136
61004,480.31224006762466,731
61005,905.1342711332113,870
61006,612.6671118012422,731
61007,552.524375,870
61008,469.83704517369216,731
61009,516.7626521460602,731
61010,839.5702535760727,731
61011,341.35673909491913,870
61012,1533.9844248630625,870
61013,1027.2022562045627,136
61014,865.0270515613653,136
61015,918.4074436574372,136
61016,420.6518411552347,136
61017,598.3621513944223,136
61018,690.7905795617448,136
61019,374.1801892147588,136
61020,240.61855293221632,611
61021,511.21353555952084,136
61022,821.665278514589,137
61023,971.6492636301571,137
61024,1320.2898410236526,137
61025,,Not found
61026,840.9146518105849,788
61027,134.23039969254424,375
61028,180.3177882296189,136
61029,378.8098114824336,137
61030,169.62102911978823,136
61031,359.4566448431256,788
61032,231.70550624589086,137
61033,226.21768510638296,375
61034,2254.8146587143806,731
61035,1430.9909494855006,731
61036,235.34911706998037,139
61037,359.082602478551,463
61038,95.17278911564625,139
61039,907.3318673218673,139
61040,392.71442772702846,139
61041,549.5586693324448,139
61042,196.09887511916114,138
61043,412.88075032341527,138
61044,552.6320255332398,463
61045,400.1530589849108,138
61046,500.3671118012422,139
61047,168.7532237126785,463
61048,408.7751652099766,463
61049,361.34677348551367,139
61050,448.85451181326505,138
61051,271.49506531204645,463
61052,587.7776417525772,463
61053,463.66510084925693,57
61054,677.9966030467519,235
61055,1044.1280048916842,57
61056,708.8478166615051,463
61057,1144.1755538959421,235
61058,1447.3653904282114,139
61059,627.3384153485648,309
61060,229.74872308462693,901
61061,1001.2181793254729,149
61062,648.9692716535433,901
61064,665.7751526150801,787
61065,2571.9562622309195,611
61066,1141.6281107491857,611
61067,1674.2389459728206,546
61068,7382.9,611
61069,3271.737606256376,137
61070,1763.9738770685576,390
61071,781.0080816326531,284
61072,874.6032731648617,390
61073,969.6393545683152,852
61074,1848.830099954566,528
61075,515.994182389937,627
61076,1631.1836012861736,627
61077,437.2419843049327,627
61078,315.5144388398487,627
61079,1303.0550149551348,627
61080,652.5019168386907,627
61081,613.8295437165434,627
61082,1323.9488736102985,543
61083,1538.032187722209,543
61084,1145.358542959817,627
61085,680.9275296860202,543
61086,555.2217640807652,543
61087,241.2201196543319,543
61088,653.443654676259,543
61089,920.0653224373779,543
61090,662.5895400340714,543
61091,1587.1730581735458,543
61092,1126.1558161953726,543
61093,559.3252371916508,437
61094,1290.882172633644,759
61095,230.1875,759
61096,1820.784085177921,627
61097,1357.6243605068134,362
61098,,Not found
61099,0.0,296
61100,1041.9412885662432,620
69499,,Not found
69799,,Not found
71001,725.5,230
71002,1118.6755193798451,230
71003,1151.9,230
71004,999.06771019678,230
71005,1199.6791733762748,230
71006,794.3301662707838,230
71007,914.7319172113289,230
71008,1015.4599182495792,230
71009,965.175919377652,230
71010,393.298397737983,230
71011,505.68774468085115,230
71012,920.9710054559627,230
71013,324.9577062937063,230
71014,,Not found
71015,,Not found
71016,618.9388706500329,230
71017,1255.2,230
71018,434.5052631578947,230
71019,652.5023790158601,230
71020,420.2130302371112,230
71021,350.08203255425707,230
71022,597.7949472759226,230
71023,564.8330555555555,230
71024,475.3507268170426,230
71025,635.61640625,230
71026,556.146515198035,230
71027,196.45252525252528,230
71028,388.77340771734083,230
71029,283.8871466666667,230
71030,461.19640049648325,230
71031,1953.487507146941,230
71032,2643.8792140641162,230
71033,3180.2,230
71034,1951.5385126964934,230
71035,3471.786170212766,230
71036,1547.0437377690805,230
71037,1453.4060152990264,230
71038,1497.600936110461,230
71039,1493.007047387606,230
71040,1639.712188552189,230
71041,1455.3934710351377,230
71042,1635.6288273615635,230
71043,1619.3484180536814,230
71044,1588.142257865515,230
71045,390.2771925699506,13
71046,296.35230708035004,13
71047,326.92806414662084,13
71048,587.478682487725,13
71049,269.03413333333333,13
71050,20771.078029079163,13
71051,812.567671345995,13
71052,10895.856994562531,13
71053,19534.485921625546,13
71054,17055.426804619827,13
71055,14190.037849547067,854
71056,160.68360655737706,854
71057,8183.5902600264435,230
71058,14878.477022653722,427
71059,28695.140371417037,230
71060,2880.7484304932736,230
71061,26216.196421845576,230
71062,35434.83828156516,427
71063,18832.301195433178,336
71064,180.78891050583658,336
71065,6647.066840731071,427
71066,26808.376429433054,427
71067,768.6715516357297,427
71068,20926.64138629915,427
79499,,Not found
79799,,Not found
81001,246.75403259506896,145
81002,270.04267889356584,145
81003,226.6033142857143,145
81004,716.8159675236807,145
81005,293.06252220248666,145
81006,816.6301055848847,145
81007,522.2575968409176,145
81008,463.7839748953975,145
81009,643.3570791195717,145
81010,820.9576866040535,145
81011,489.9902601330913,145
81012,742.74,145
81013,440.3291298436439,145
81014,529.0814234410708,145
81015,651.7532195332758,145
81016,421.80020672546857,145
81017,580.4213541666666,145
81018,332.25753424657535,145
81019,752.6280829015543,145
81020,288.9067082111437,145
81021,475.8678493050476,145
81022,617.0812082670907,145
81023,350.8112945838838,145
81024,442.46687116564414,145
81025,651.411093871218,145
81026,382.2477246207701,145
81031,631.121462264151,102
81032,1158.0,695
81034,911.7523357920619,145
81035,1021.6755241635686,145
81036,906.9028566481995,145
81037,665.3813130181491,145
81038,938.6192244802616,145
81039,693.468653696498,145
81040,799.662965382103,145
81043,843.4386617100372,145
81044,722.0063946645744,145
81045,627.5,145
81046,854.8405356634058,145
81047,814.590485183033,145
81048,706.0885257806826,145
81049,498.66371469602683,145
81050,570.9703260659849,145
81051,467.7318651441001,145
81053,460.8819760619573,145
81054,498.82078886310904,145
81055,568.2021026761333,145
81056,694.7175397877983,145
81057,431.0123630672925,145
81058,347.33767399267396,145
81060,418.8530903718296,145
81061,681.1600444140759,145
81062,142.12433182922598,152
81063,293.8615194564546,152
81064,427.3710451045105,152
81066,,Not found
81067,472.4870550705171,102
81068,380.1,152
81069,411.7436438011328,152
81070,195.84225941422594,152
81071,1108.6422267206476,864
81072,847.8522004241781,864
81073,860.3831772459245,864
81074,817.1178012519562,864
81075,1042.3937339395136,864
81076,646.2057365919892,864
81077,820.8549378200438,864
81078,1004.8143064537416,864
81079,604.0815228093207,864
81080,681.3135291033036,864
81081,766.5170870256759,864
81082,629.9488092842288,864
81083,806.9855446927374,864
81084,663.8309853947126,864
81085,473.2,864
81086,693.9456109134044,864
81087,775.6956913827656,864
81088,952.3778591991626,864
81089,1148.6,864
81090,575.1547344722554,864
81091,611.9491980604253,864
81092,556.7870060069554,693
81093,545.141382765531,864
81094,487.6943828811617,693
81095,549.1752184769039,864
81096,504.9746024321796,864
81097,424.7333967287943,864
81098,432.3326416152552,693
81099,311.6231859883236,864
81100,118.41666349629067,693
81101,358.54680124223603,864
81102,147.94096351197265,606
81103,182.36768820786145,606
81104,292.5297573435504,864
81105,255.7491103202847,693
81106,258.4577723378213,864
81107,215.0600806451613,102
81108,369.96413632842757,864
81109,181.8452901023891,606
81110,399.86767905711696,864
81111,428.9846153846154,145
81112,1380.0,145
81113,428.8958579881657,695
81114,823.1,695
81115,741.5227777777776,695
81116,,Not found
81117,,Not found
81118,1004.436115326252,145
81119,644.8,145
81120,1014.2802083333332,145
81121,,Not found
81122,,Not found
81123,,Not found
81124,660.0985014049329,152
81125,669.1981450252952,152
81126,556.4,152
81127,546.3893097128894,145
81128,,Not found
81129,373.6555632823366,152
81130,552.8407407407407,152
81131,444.9979369757424,152
81132,779.75,864
81133,299.3,693
81134,335.0,693
81135,483.6793729372938,693
81136,,Not found
81137,618.1,693
81138,499.8,145
81139,505.95437386569876,693
81140,1705.4735241502683,693
81141,2759.818918918919,864
89499,,Not found
89799,,Not found
91001,1986.6,288
91002,3184.0,288
91003,2301.0647959183675,639
91004,,Not found
99499,,Not found
99799,,Not found
