SA2_5DIG16,shortest_time_sec,shortest_time_min
11007,1143.589117043121,20.0
11008,374.55953792185795,7.0
11009,202.83563991523084,4.0
11010,272.3847457627118,5.0
11011,1693.4386208937556,29.0
11012,595.7134151167393,10.0
11013,716.4720465890183,12.0
11014,235.15194882475453,4.0
11015,2174.052518203883,37.0
11016,3323.930344033396,56.0
11017,437.36019906928647,8.0
11018,588.1851522079172,10.0
11019,547.1833114636765,10.0
11020,1695.3505125284737,29.0
11021,577.5414877532507,10.0
11022,5796.757692307693,97.0
11023,1131.6105834885166,19.0
11024,1221.9866342648845,21.0
11025,657.5106837204928,11.0
11026,732.5419310344828,13.0
11027,2603.659948723665,44.0
11028,944.9725458025705,16.0
11029,752.7339592675636,13.0
11030,1769.7751923076924,30.0
11031,303.75825388861017,6.0
11032,261.4034367364283,5.0
11033,586.9288228822883,10.0
11034,720.9709562354234,13.0
11035,408.32833031946956,7.0
11036,609.7236569861647,11.0
11037,470.6713484945548,8.0
11038,707.4901061084026,12.0
11039,480.84458030155275,9.0
11040,309.56536994660564,6.0
11041,505.8398999693784,9.0
11042,171.05992125984253,3.0
11043,346.46699956197983,6.0
11044,274.1494949035311,5.0
11045,643.5264018903936,11.0
11046,881.7058063827517,15.0
11047,302.5557531925984,6.0
11048,325.8725128994297,6.0
11049,1439.7124666073018,24.0
11050,1110.081549781131,19.0
11051,818.3864337101747,14.0
11052,1478.85625,25.0
11053,324.2106617647059,6.0
11054,774.1954871060171,13.0
11055,664.540517078694,12.0
11056,342.15682564708976,6.0
11057,632.6159358047017,11.0
11058,287.4787993441796,5.0
11059,489.7212267958031,9.0
11060,1418.2464923747277,24.0
11061,751.0067497850388,13.0
11062,774.3437641041071,13.0
11063,265.39223649825783,5.0
11064,1216.1188243911372,21.0
11065,596.8080180799843,10.0
11066,1084.3222099447514,19.0
11067,332.1160517445568,6.0
11068,989.2028402366863,17.0
11069,1223.4192618806874,21.0
11070,371.3057541072958,7.0
11071,859.853087613293,15.0
11072,226.97798945398876,4.0
11073,776.3161233480176,13.0
11074,1285.2959313536444,22.0
11075,,
11076,627.4647301194891,11.0
11077,218.0339994740994,4.0
11078,345.4071298451573,6.0
11079,901.1132436627004,16.0
11080,347.0309364099812,6.0
11081,1703.6824348958335,29.0
11082,984.2417393976647,17.0
11083,608.4498444521258,11.0
11084,276.66292881278275,5.0
11085,197.10957560454503,4.0
11086,1354.6521978021979,23.0
11087,1172.3737021013599,20.0
11088,904.2875756537626,16.0
11089,566.6134517374518,10.0
11090,1038.4155043719343,18.0
11091,1688.366909178126,29.0
11092,1226.2873708091756,21.0
11093,642.9623463446194,11.0
11094,914.2328151566676,16.0
11095,800.3676678089095,14.0
11096,995.5449720670391,17.0
11097,340.34758620689655,6.0
11098,2752.388929146538,46.0
11099,865.3290104101342,15.0
11100,262.7006351039261,5.0
11101,353.8355634218289,6.0
11102,460.07821612349915,8.0
11103,1249.3761369716426,21.0
11104,852.8052016498626,15.0
11105,602.7700198746369,11.0
11106,710.5167533936651,12.0
11107,1283.9234580084872,22.0
11108,345.5404252419245,6.0
11109,1292.9376147943137,22.0
11110,1379.0732843955066,23.0
11111,421.5081507549097,8.0
11112,433.3436037829766,8.0
11113,1861.0427580579355,32.0
11114,338.39830200121287,6.0
11115,640.9960290521553,11.0
11116,477.41740954378605,8.0
11117,392.76371543957754,7.0
11118,986.8719927826784,17.0
11119,925.9952785974657,16.0
11120,2295.1106449686476,39.0
11121,524.4907777406896,9.0
11122,1315.546444572915,22.0
11123,1265.2469327420547,22.0
11124,2080.9689994102614,35.0
11125,1883.1184345281638,32.0
11126,335.57501656177544,6.0
11127,885.6076499999999,15.0
11128,227.0041904761905,4.0
11129,1106.0031374441896,19.0
11131,697.602871017209,12.0
11132,904.0979827089337,16.0
11133,226.5,4.0
11134,319.40550494534097,6.0
11135,683.7,12.0
11136,704.3122495986598,12.0
11137,513.0927500720669,9.0
11138,226.37282749675745,4.0
11139,567.2625939849625,10.0
11140,744.1202662911279,13.0
11141,434.62822038436366,8.0
11142,301.3052932904781,6.0
11143,248.9893589869441,5.0
11144,428.3737025525101,8.0
11145,397.83125606050817,7.0
11146,219.05446220999195,4.0
11147,1070.9003188339789,18.0
11148,232.40250044177415,4.0
11150,246.58024547934136,5.0
11151,1402.8149989422466,24.0
11152,297.8569192060386,5.0
11153,1729.860186854614,29.0
11154,435.9459162218987,8.0
11155,482.93626381075035,9.0
11156,1890.4084380211227,32.0
11157,510.87378214509715,9.0
11158,971.7206112505536,17.0
11159,1449.9627831293933,25.0
11160,634.567931169339,11.0
11161,0.0,0.0
11162,1622.737374821173,28.0
11163,352.65941672898197,6.0
11164,299.56328160919537,5.0
11165,1566.878058435438,27.0
11166,319.95276458464025,6.0
11167,612.7928713264496,11.0
11168,1231.5462151394422,21.0
11169,337.28654240265445,6.0
11170,1879.9239555662884,32.0
11171,223.242112125163,4.0
11172,395.48146351189683,7.0
11173,359.829422548121,6.0
11174,207.32867518884368,4.0
11175,930.8299517740268,16.0
11176,507.3780521451235,9.0
11177,608.3342751429533,11.0
11178,624.5508836278758,11.0
11179,1424.5125,24.0
11180,204.56542379046928,4.0
11181,1040.0880941803641,18.0
11182,266.6535140968569,5.0
11183,1575.0286118980168,27.0
11184,536.1183250556602,9.0
11185,422.9494214876033,8.0
11186,326.18695857480145,6.0
11187,980.4577674212162,17.0
11188,1496.2534282875124,25.0
11189,1311.1206092632888,22.0
11190,639.4047867513611,11.0
11191,399.687408993576,7.0
11192,1825.6144856278368,31.0
11193,1243.1752797728411,21.0
11194,1008.4188682077454,17.0
11195,279.7121847203607,5.0
11196,2306.1119200440125,39.0
11197,320.9510662020906,6.0
11198,1436.500188245137,24.0
11199,244.00184618745902,5.0
11200,1372.1394826744754,23.0
11201,876.3276250972259,15.0
11202,617.2058800431923,11.0
11203,307.72400079538676,6.0
11204,598.115099766313,10.0
11205,1283.4053397533003,22.0
11206,308.4138586496701,6.0
11207,573.5561563169165,10.0
11208,274.2677475898335,5.0
11209,422.7146745410194,8.0
11210,267.3693510291306,5.0
11211,481.4284732168433,9.0
11212,949.4758737316799,16.0
11213,341.13172643869893,6.0
11214,244.78815286624206,5.0
11215,613.9237569060774,11.0
11216,580.6763615560641,10.0
11217,829.6549246160349,14.0
11218,875.2039275933471,15.0
11219,925.9473196953859,16.0
11220,1263.1485456595265,22.0
11221,1035.133651919223,18.0
11222,455.507999231459,8.0
11223,946.3327653997379,16.0
11224,445.95219491525427,8.0
11225,288.05993919124353,5.0
11226,648.2396978629329,11.0
11227,248.613748990035,5.0
11228,639.5688740261648,11.0
11229,648.7687383872167,11.0
11230,584.5,10.0
11231,212.3795379537954,4.0
11232,932.4823340040242,16.0
11233,391.18140102762374,7.0
11234,155.44402620014924,3.0
11235,453.77010090943065,8.0
11236,229.63455818022746,4.0
11237,1075.0845445362172,18.0
11238,757.1121313791276,13.0
11239,847.5219628452702,15.0
11240,726.8423182297155,13.0
11241,2086.746903669725,35.0
11242,788.8521699702034,14.0
11243,1271.411569315618,22.0
11244,347.71216558946253,6.0
11245,1563.1882209469152,27.0
11246,465.3375360997112,8.0
11247,824.1597572616937,14.0
11248,193.0342247733351,4.0
11249,1121.8080680534326,19.0
11250,837.9134901365707,14.0
11251,371.2984087852981,7.0
11252,1193.9625362318843,20.0
11253,1544.7328064442586,26.0
11254,460.4364676770802,8.0
11256,325.18549921589124,6.0
11257,1583.4291653738753,27.0
11258,377.68059627575275,7.0
11259,738.2741254125413,13.0
11260,1242.999568841621,21.0
11261,213.9115341900682,4.0
11262,1097.5923405163217,19.0
11263,500.091061970339,9.0
11264,788.5409355106559,14.0
11265,489.90713365539455,9.0
11266,843.4999403697077,15.0
11267,579.8033307186388,10.0
11268,499.4514428538968,9.0
11269,369.76784221648273,7.0
11270,250.00507931289553,5.0
11271,1121.3467293512817,19.0
11272,801.7383513359863,14.0
11273,1488.853029045643,25.0
11274,1183.4354381704109,20.0
11275,2409.860416666667,41.0
11276,1724.2661359315593,29.0
11277,429.60347433943093,8.0
11278,299.8641927734961,5.0
11279,1668.19113490364,28.0
11280,2173.582284007353,37.0
11281,1230.2781056358808,21.0
11282,264.1381809848088,5.0
11283,1023.2966542019288,18.0
11284,232.44604737004002,4.0
11285,1407.5016749585407,24.0
11286,595.839524285873,10.0
11287,836.9350588712952,14.0
11288,1401.5412987752777,24.0
11289,1909.0754642313548,32.0
11290,290.005185799023,5.0
11291,286.1790117294734,5.0
11294,512.366976,9.0
11296,456.41325061640026,8.0
11297,1094.3874684448679,19.0
11298,1201.1899923017706,21.0
11299,2865.160014892033,48.0
11300,1010.3628046835848,17.0
11301,641.255450913242,11.0
11302,534.6483250209648,9.0
11303,246.06522486223855,5.0
11304,421.45250458664594,8.0
11306,486.48019370890347,9.0
11307,343.6910661203503,6.0
11308,267.9719675082695,5.0
11309,365.60296181310156,7.0
11310,443.99683478367444,8.0
11312,770.6466466234967,13.0
11313,375.69722342733195,7.0
11314,556.8044086021505,10.0
11315,384.757343976778,7.0
11316,535.9026515334459,9.0
11317,263.13655269651036,5.0
11318,444.4617021276596,8.0
11319,309.06269236232777,6.0
11320,437.50952380952384,8.0
11321,552.8729962894249,10.0
11322,441.0645048957352,8.0
11323,349.7233421052631,6.0
11324,308.2,6.0
11325,572.8918032786885,10.0
11326,190.24761510059528,4.0
11327,136.00004945109288,3.0
11328,317.9006897432622,6.0
11329,97.09034701426808,2.0
11330,258.5300289035115,5.0
11331,187.86673812075742,4.0
11332,135.882846215781,3.0
11333,124.43775000000001,3.0
11334,269.48886683591047,5.0
11335,181.31420623970803,4.0
11336,126.00674047937706,3.0
11337,187.87450286423177,4.0
11338,301.69982459854236,6.0
11339,117.20433622051533,2.0
11340,264.88442240092456,5.0
11341,107.2269264941065,2.0
11342,,
11343,220.9181587224776,4.0
11344,375.1098337950138,7.0
11345,150.92767556874384,3.0
11346,446.338744296096,8.0
11347,120.0717473574318,3.0
11348,212.11099281027776,4.0
11350,189.51757285595335,4.0
11354,360.3706408140814,7.0
11355,451.960956618465,8.0
11356,234.91333510544035,4.0
11357,502.4786788523832,9.0
11358,377.339896373057,7.0
11359,462.19742018078125,8.0
11360,301.3088556110187,6.0
11361,414.782737146995,7.0
11362,219.3970659375329,4.0
11363,182.68456055453834,4.0
11364,314.97275144557466,6.0
11366,356.44995425434587,6.0
11367,330.23848005251256,6.0
11368,103.1608093806883,2.0
11369,255.82045435493336,5.0
11370,300.5723275924715,6.0
11371,273.33797398064416,5.0
11372,509.4644414775256,9.0
11373,403.8892933049946,7.0
11374,194.78764194501062,4.0
11375,440.2051731369716,8.0
11376,211.32740424567504,4.0
11377,327.4910382600413,6.0
11378,77.63011569372075,2.0
11379,143.58788296472653,3.0
11380,243.5693496227093,5.0
11381,242.6790299143158,5.0
11382,211.30096099491234,4.0
11383,265.9557417810111,5.0
11384,321.7317581177987,6.0
11385,223.71926213804807,4.0
11386,147.516796875,3.0
11387,172.96438539476202,3.0
11388,223.63306809139482,4.0
11389,306.0297779369628,6.0
11390,129.31376971479938,3.0
11391,149.18087804878047,3.0
11392,200.86596356663472,4.0
11393,166.3209390272283,3.0
11394,164.4186892480172,3.0
11395,165.16417477892546,3.0
11396,290.5122892607917,5.0
11398,152.46972163040064,3.0
11399,244.5957189479747,5.0
11400,209.34317188842002,4.0
11401,124.40468600878029,3.0
11402,222.8907944365865,4.0
11403,394.0936367121187,7.0
11404,923.3284921448088,16.0
11406,264.02700737788786,5.0
11407,470.1121411146557,8.0
11408,362.2812127494169,7.0
11409,321.93153671831936,6.0
11410,384.6767799431985,7.0
11411,237.91694493414914,4.0
11412,217.24426385697473,4.0
11413,165.8377736938829,3.0
11414,101.33433538171954,2.0
11415,268.01019605087487,5.0
11416,159.62687859656964,3.0
11417,168.44874531835208,3.0
11418,489.3316463836944,9.0
11419,464.23049762924086,8.0
11420,859.2204071740183,15.0
11421,506.8400930665426,9.0
11422,536.6572111735236,9.0
11423,278.09041566614223,5.0
11424,223.69849845534878,4.0
11425,342.4673303046499,6.0
11426,126.91499459329569,3.0
11427,343.2435495200188,6.0
11428,285.9773832742905,5.0
11429,199.08952077285488,4.0
11430,357.5860946745562,6.0
11431,349.7963600451467,6.0
11432,765.6073646606211,13.0
11433,302.12655707339667,6.0
11434,561.8249560716152,10.0
11435,491.5963884514436,9.0
11436,325.1675502983577,6.0
11437,201.9317522260086,4.0
11438,551.9978520988623,10.0
11439,,
11440,841.932226346945,15.0
11441,387.9890643911886,7.0
11442,886.0824928841497,15.0
11443,571.7480161127894,10.0
11444,333.92293033277474,6.0
11445,1834.9748433147631,31.0
11446,1142.8234553775742,20.0
11447,1648.7951703191995,28.0
11448,1313.5230092437912,22.0
11449,1015.6391991380858,17.0
11450,805.9677662831206,14.0
11451,2484.2,42.0
11452,269.77782486944676,5.0
11453,983.1515461169362,17.0
11454,393.82165843298395,7.0
11455,481.71447303720703,9.0
11456,,
11457,330.0369889308337,6.0
11458,514.5147535449022,9.0
11459,559.848918387414,10.0
11460,601.8099472245782,11.0
11461,339.1177021867407,6.0
11462,346.69866203656426,6.0
11463,875.8222594843849,15.0
11464,225.20196624981165,4.0
11465,1833.9361062969383,31.0
11466,535.3423972800925,9.0
11467,414.99896752270797,7.0
11468,827.3238495995655,14.0
11469,551.6587505813052,10.0
11470,664.0725319512932,12.0
11473,502.866512,9.0
11475,437.5,8.0
11476,390.7386983674811,7.0
11477,324.1029873039582,6.0
11478,313.67498308525035,6.0
11479,359.83685124864274,6.0
11480,153.29371893357433,3.0
11481,259.7847150880899,5.0
11482,379.0807633877706,7.0
11483,310.434181331293,6.0
11484,346.5754276601914,6.0
11485,219.2150351123596,4.0
11486,400.25,7.0
11487,469.88461538461536,8.0
11489,358.1990591942381,6.0
11490,526.6697135582432,9.0
11491,206.7633842226695,4.0
11492,247.23088527057536,5.0
11493,306.251779051779,6.0
11494,449.73310798295984,8.0
11495,198.22221689236557,4.0
11496,269.68400564449416,5.0
11497,170.93331201790494,3.0
11498,249.28673956675203,5.0
11499,165.94641129812342,3.0
11500,238.9525554839304,4.0
11501,199.1521393196395,4.0
11503,276.4669409086205,5.0
11504,413.7263075947177,7.0
11505,1146.3295686274507,20.0
11506,879.6155176273083,15.0
11509,481.90752016003,9.0
11510,259.04184886435996,5.0
11511,336.7272205144798,6.0
11512,351.08485976957985,6.0
11513,328.55079631584,6.0
11514,395.14559532355656,7.0
11515,200.18929602990312,4.0
11516,275.31131591349424,5.0
11517,210.44334335538184,4.0
11518,800.2326797385621,14.0
11519,218.09242205702878,4.0
11520,338.49988010698144,6.0
11521,249.04999999999998,5.0
11522,424.707364192808,8.0
11523,234.06592083533113,4.0
11524,458.2436406687929,8.0
11529,331.3859304258123,6.0
11530,123.60783258266507,3.0
11531,286.0310440251572,5.0
11533,951.9719249692497,16.0
11534,799.8070718765075,14.0
11535,814.9974451173354,14.0
11536,560.3313278008299,10.0
11537,1558.8625,26.0
11538,376.54056255690256,7.0
11539,267.2971414855547,5.0
11540,1621.265720161354,28.0
11541,279.16742830854156,5.0
11542,1827.2487598990515,31.0
11543,284.31950528700906,5.0
11544,1102.6191364750748,19.0
11545,275.1182745892741,5.0
11546,148.7917264711913,3.0
11547,356.63616381304956,6.0
11548,137.1408915283343,3.0
11549,126.41745689655174,3.0
11550,541.4454296277409,10.0
11551,1021.0325330871037,18.0
11552,357.9593324334274,6.0
11553,138.73172595520418,3.0
11554,390.8092239072257,7.0
11555,282.50046284608266,5.0
11556,187.17815742584634,4.0
11557,318.53751192520514,6.0
11558,439.0124412894961,8.0
11559,318.0476532587653,6.0
11560,225.77702044790652,4.0
11561,259.6695479630434,5.0
11562,450.2221518987341,8.0
11563,612.6826977555023,11.0
11564,266.92470643494596,5.0
11565,173.5695025926637,3.0
11566,319.35336872192727,6.0
11567,280.47132284054715,5.0
11568,286.382971227246,5.0
11569,162.92214205452717,3.0
11570,110.03308913308913,2.0
11571,347.88972273567464,6.0
11572,220.34310506860473,4.0
11573,290.3528047780771,5.0
11574,347.9704922836492,6.0
11575,179.58040321612864,3.0
11576,345.3208862545865,6.0
11577,97.99318701804931,2.0
11578,180.9799475016406,4.0
11579,153.39473849044785,3.0
11580,472.35748580278783,8.0
11581,540.765128875607,10.0
11582,121.8609795823396,3.0
11583,210.83732276530165,4.0
11584,201.93478773584906,4.0
11585,261.9520417321068,5.0
11586,267.85137178331837,5.0
11587,359.1091607565012,6.0
11588,303.1182398256945,6.0
11589,105.12964904430098,2.0
11590,136.00127772420444,3.0
11591,219.03473466828927,4.0
11592,1149.1534482758623,20.0
11593,612.4259280411194,11.0
11594,596.3727134390517,10.0
11595,599.6522436680511,10.0
11596,649.9173232410116,11.0
11597,692.0704344963791,12.0
11598,160.5670485944811,3.0
11599,350.44595496960875,6.0
11600,670.7793113277464,12.0
11601,123.86537664132689,3.0
11602,169.29773114977823,3.0
11603,309.9764296946123,6.0
11604,625.0161398875447,11.0
11605,457.2402782168827,8.0
11606,361.8437717826255,7.0
11607,874.7594345168117,15.0
11608,674.4730997378949,12.0
11609,1097.8880809185348,19.0
19499,,
19799,,
21001,480.5043374112413,9.0
21002,139.00468943842526,3.0
21003,386.7727383173515,7.0
21004,383.6819059804367,7.0
21005,861.9646246162433,15.0
21006,480.9762733446519,9.0
21007,1138.9835881753313,19.0
21008,307.1976200246204,6.0
21009,1365.246782727428,23.0
21010,667.7255745658836,12.0
21011,691.4750895255148,12.0
21012,1566.922297057781,27.0
21013,1864.8372953305034,32.0
21014,952.3639156350298,16.0
21015,1418.2507402422614,24.0
21016,190.83534024791297,4.0
21017,783.1826879271072,14.0
21018,188.59426428720226,4.0
21019,462.23346972860134,8.0
21020,370.0819625890737,7.0
21021,398.16207377224964,7.0
21022,337.2433397781622,6.0
21023,460.6482048263685,8.0
21024,785.9944940303698,14.0
21025,482.68286466740295,9.0
21026,1200.2717645421653,21.0
21027,371.97953365430004,7.0
21028,854.6822510312317,15.0
21029,622.972711111111,11.0
21030,482.0898363033569,9.0
21031,913.826168359942,16.0
21032,1252.934383624655,21.0
21033,1241.072525621227,21.0
21034,1111.8469626168223,19.0
21035,1946.0146658868257,33.0
21036,878.1757227446883,15.0
21037,396.6319922685948,7.0
21038,588.1524525436598,10.0
21039,171.3740137018663,3.0
21040,257.10361161058313,5.0
21041,456.70383706440936,8.0
21042,384.7389405708093,7.0
21043,1112.4857474440455,19.0
21044,683.8001713262207,12.0
21045,218.45303113427514,4.0
21046,257.9798224852071,5.0
21047,276.24419700799234,5.0
21048,1244.7293879691363,21.0
21049,1233.2893596059114,21.0
21050,1213.0951260074198,21.0
21051,1814.129414135985,31.0
21052,1478.4586323139897,25.0
21053,1174.9970759280395,20.0
21054,920.1253590026827,16.0
21055,2377.2151789976137,40.0
21056,617.2275849602314,11.0
21057,904.1992981661762,16.0
21058,1439.312490632026,24.0
21059,271.56540097683944,5.0
21060,1230.0107142857141,21.0
21061,3095.6510752688173,52.0
21062,1099.54655608659,19.0
21063,287.08575152041703,5.0
21064,1720.4773218741336,29.0
21065,766.542118930148,13.0
21066,231.00275891568197,4.0
21067,1294.4257130959818,22.0
21068,405.0930166374781,7.0
21069,668.5529418990296,12.0
21070,1366.8659192825114,23.0
21071,384.2238177128117,7.0
21072,1043.1407981141606,18.0
21073,366.7203587623366,7.0
21074,322.4568922510733,6.0
21075,1332.2085224744105,23.0
21076,847.755905268365,15.0
21077,1645.6686519853183,28.0
21078,1162.8214791502753,20.0
21079,429.54087979975503,8.0
21080,7585.5,127.0
21081,326.6845829364539,6.0
21082,1349.6119937896235,23.0
21083,,
21084,2099.5172945205477,35.0
21085,2002.3830432079574,34.0
21086,2297.388777459408,39.0
21087,1202.3833122629583,21.0
21088,2178.456779661017,37.0
21089,782.9537743105154,14.0
21090,788.354657261711,14.0
21091,2334.5717906707787,39.0
21092,3877.5999999999995,65.0
21093,854.6453339329885,15.0
21094,1208.6526334208222,21.0
21095,1088.7719595617168,19.0
21096,293.91627435358873,5.0
21097,572.9976763330216,10.0
21098,1182.784760236479,20.0
21099,6136.285714285715,103.0
21100,1809.0345796562935,31.0
21101,899.4775229026908,15.0
21102,1517.6720450680273,26.0
21103,264.73755640639956,5.0
21104,834.4181306306306,14.0
21105,182.90328688395527,4.0
21106,284.6233227127902,5.0
21107,178.05632846715326,3.0
21108,195.87865701925656,4.0
21109,208.78164149043303,4.0
21110,246.4150729517396,5.0
21111,316.3474801490844,6.0
21112,296.7264604067504,5.0
21113,296.5249218431425,5.0
21114,261.03495869873734,5.0
21115,202.3416394739444,4.0
21116,334.22311684668256,6.0
21117,113.03360164141415,2.0
21118,170.03329676357652,3.0
21119,48.85008103727715,1.0
21120,499.2,9.0
21121,267.59554816662046,5.0
21122,126.13796797172085,3.0
21123,108.94673960400831,2.0
21124,131.99900229203183,3.0
21125,112.56571895424835,2.0
21126,197.09923431141573,4.0
21127,287.1,5.0
21128,184.90917842971444,4.0
21129,216.82219523403137,4.0
21130,355.4533465665902,6.0
21131,411.66999999999996,7.0
21132,165.68939091146058,3.0
21133,155.50297177388512,3.0
21134,106.92729719809128,2.0
21135,126.4196619217082,3.0
21136,83.9009795959801,2.0
21137,127.23368015414259,3.0
21138,178.46067183066188,3.0
21139,152.47910192095927,3.0
21140,220.21743827160495,4.0
21141,165.18203557545056,3.0
21142,132.97083973866256,3.0
21143,281.085359317905,5.0
21144,128.51176046412533,3.0
21145,263.5350693679806,5.0
21146,284.48399690761505,5.0
21147,221.14389538538916,4.0
21148,330.9051678183613,6.0
21149,203.60264847888251,4.0
21150,201.6918366097128,4.0
21151,117.52651495335252,2.0
21152,124.69987488476227,3.0
21153,140.45975273611674,3.0
21154,247.90778820994308,5.0
21155,238.94381057538953,4.0
21156,244.95481535119478,5.0
21157,225.73937874287938,4.0
21159,344.34898413080066,6.0
21160,208.4010002206369,4.0
21161,225.00651128030265,4.0
21162,181.36678764191328,4.0
21163,179.4794376009693,3.0
21164,194.965069040283,4.0
21165,362.79382776686316,7.0
21166,224.1868282196599,4.0
21167,214.6741802867743,4.0
21168,283.41150652431793,5.0
21169,142.93809817301343,3.0
21170,159.1950006328313,3.0
21171,196.96729853479857,4.0
21172,189.6627730616865,4.0
21173,138.58351681587226,3.0
21174,232.99150475680025,4.0
21176,293.6293648596268,5.0
21177,113.51936174260437,2.0
21178,139.70451494463887,3.0
21179,89.20418428470754,2.0
21180,379.4995095440085,7.0
21181,323.4760189777873,6.0
21182,232.28214580055442,4.0
21183,675.9427476677032,12.0
21184,473.0825396825396,8.0
21185,739.4985648828564,13.0
21186,857.8786333826952,15.0
21187,783.1956766917293,14.0
21188,167.08600394760452,3.0
21189,660.857333437966,12.0
21190,258.5933323067447,5.0
21191,161.59068789084705,3.0
21192,,
21193,366.21509273608956,7.0
21194,149.25694632047623,3.0
21195,202.97100323018583,4.0
21196,238.85165776478888,4.0
21197,550.361927592955,10.0
21198,181.28138056926508,4.0
21199,174.83353369634398,3.0
21200,139.24508807291213,3.0
21201,207.74792153806183,4.0
21202,591.6169989441651,10.0
21203,337.1633295038022,6.0
21204,401.1418469309322,7.0
21205,209.47055290584703,4.0
21207,430.51672339795766,8.0
21208,539.3728269479301,9.0
21209,737.9358973241524,13.0
21210,1152.4455890887984,20.0
21211,2036.4926835641495,34.0
21212,1669.406119287374,28.0
21213,591.6157197778726,10.0
21214,962.1909307875895,17.0
21215,754.579794595382,13.0
21216,263.24086338651296,5.0
21217,197.6626860841424,4.0
21219,344.60174385488324,6.0
21220,412.27359547415,7.0
21221,355.81973495399683,6.0
21223,429.2825789629046,8.0
21224,941.09304964539,16.0
21225,1434.1235605314962,24.0
21226,383.2312334217507,7.0
21227,,
21228,503.40094350748905,9.0
21229,289.35996100470237,5.0
21230,177.50738595220858,3.0
21231,414.1021272092285,7.0
21232,1120.2507710280372,19.0
21233,1309.026395039858,22.0
21234,1229.8523536737234,21.0
21235,1902.5679158658982,32.0
21236,287.11057354662506,5.0
21237,370.20552526354055,7.0
21239,232.08199437723636,4.0
21240,358.6686591783835,6.0
21241,339.6261622881197,6.0
21242,178.45472366734523,3.0
21243,403.75552316566393,7.0
21245,326.62157085295956,6.0
21246,580.2520746121644,10.0
21247,429.5801710783323,8.0
21248,798.1361581920903,14.0
21249,410.3504050899437,7.0
21250,436.1000311575012,8.0
21251,301.46487606731324,6.0
21254,470.66398858886754,8.0
21255,616.2429263859437,11.0
21256,508.3846143722032,9.0
21257,571.5506134201302,10.0
21258,443.4910449172577,8.0
21259,193.58900996487205,4.0
21260,357.8685449438202,6.0
21261,257.083848235072,5.0
21262,636.1962085779679,11.0
21263,487.53494149567575,9.0
21265,452.2316815732459,8.0
21266,215.7135339658886,4.0
21267,218.0782144973336,4.0
21268,313.0163126504133,6.0
21269,178.29432117337348,3.0
21270,199.53244667658728,4.0
21271,224.80949260752686,4.0
21272,290.6961714722169,5.0
21273,257.20957637997435,5.0
21274,690.3041525254541,12.0
21275,403.1080101522843,7.0
21276,511.0027646071924,9.0
21277,547.3595986038396,10.0
21278,294.86792735042735,5.0
21279,1180.1221157259497,20.0
21280,567.5769389256807,10.0
21281,459.51292091547697,8.0
21282,852.4784752434225,15.0
21283,452.39473413555487,8.0
21284,361.59392678868556,7.0
21285,836.383523248199,14.0
21286,1616.6860903417166,27.0
21287,498.90166089965396,9.0
21288,1523.1003351051536,26.0
21289,1439.4923858713762,24.0
21290,565.8371378755365,10.0
21291,994.8731157940006,17.0
21292,882.243601680084,15.0
21293,237.94183401146256,4.0
21294,343.8099519826518,6.0
21295,356.97665272711095,6.0
21297,504.5673278339049,9.0
21299,551.9265335051547,10.0
21300,246.39481179048,5.0
21301,334.2361722823126,6.0
21302,442.02246950460545,8.0
21303,494.70785114590427,9.0
21304,324.7056893798243,6.0
21305,615.6937431394073,11.0
21306,550.3011129404016,10.0
21308,727.8243016037247,13.0
21309,325.473751611517,6.0
21310,285.8171076534239,5.0
21311,202.44054875061246,4.0
21312,199.00218919640474,4.0
21313,506.72038607780064,9.0
21314,412.314999037536,7.0
21316,257.6980021310602,5.0
21317,392.93159247361166,7.0
21318,381.9595779990517,7.0
21319,400.5542189033032,7.0
21320,193.7544418625436,4.0
21321,314.45945637711463,6.0
21322,205.39512663483498,4.0
21323,317.9185097885157,6.0
21324,229.4004634678299,4.0
21325,356.7007998348728,6.0
21326,278.98739161003044,5.0
21327,394.79448429134254,7.0
21328,385.0403114628542,7.0
21329,369.43509336099584,7.0
21330,317.5452336519785,6.0
21331,433.8267132361797,8.0
21332,453.33534417261814,8.0
21333,505.37321751719145,9.0
21334,360.1452930905463,7.0
21335,237.36054896487556,4.0
21336,400.2715233816623,7.0
21337,244.40386947979837,5.0
21338,511.3711437961317,9.0
21339,212.09952357071217,4.0
21340,328.16693263949116,6.0
21341,160.61641744057926,3.0
21342,432.134362732269,8.0
21343,421.64512377826924,8.0
21344,336.434756618275,6.0
21345,510.1627002735444,9.0
21346,161.43937666040307,3.0
21347,242.22221551298236,5.0
21348,86.74209881083732,2.0
21349,218.9728985744716,4.0
21350,157.43614901451159,3.0
21351,188.91890403775565,4.0
21352,277.44753475754493,5.0
21353,314.45298595422844,6.0
21355,251.34130047505937,5.0
21356,375.5036809815951,7.0
21357,430.29743720950063,8.0
21358,259.20689497716893,5.0
21359,709.1764744429884,12.0
21360,352.2347116034743,6.0
21361,385.3789342214821,7.0
21362,288.5571142387508,5.0
21363,528.633979051695,9.0
21365,606.4162744590983,11.0
21366,540.7914725368669,10.0
21368,342.3889735862436,6.0
21369,671.8907731958762,12.0
21370,531.6983382445293,9.0
21371,190.10420870950608,4.0
21372,270.86791915003886,5.0
21373,275.623686377862,5.0
21374,304.3129001132693,6.0
21375,464.93046036271,8.0
21376,608.0742881135965,11.0
21377,783.270411406775,14.0
21378,1128.7352471200297,19.0
21379,1267.431401886108,22.0
21380,207.44233655770515,4.0
21381,458.8945475897551,8.0
21382,484.64522651097417,9.0
21383,663.4828047427137,12.0
21384,320.6072438837921,6.0
21385,632.6676561636264,11.0
21386,233.48140490871717,4.0
21387,1375.9966498103665,23.0
21388,326.88755010174503,6.0
21389,1486.2307309941518,25.0
21390,577.2640297202797,10.0
21391,531.2319723806664,9.0
21392,504.6546183253176,9.0
21393,1431.6957894736843,24.0
21394,674.7964432284543,12.0
21395,700.0415102575295,12.0
21396,807.2354946663878,14.0
21398,1510.9349798657718,26.0
21399,1177.0768327946928,20.0
21400,409.1100806451613,7.0
21401,984.3776725304466,17.0
21402,180.87116816431325,4.0
21403,420.4173135233475,8.0
21404,237.10993937167,4.0
21405,1102.0620185505425,19.0
21406,264.80757617348337,5.0
21407,473.2636947349111,8.0
21408,1197.7356824731467,20.0
21409,332.85346381663663,6.0
21410,971.2944142362827,17.0
21411,202.51504340962902,4.0
21412,1338.2712244109696,23.0
21413,692.3490759586421,12.0
21414,226.20996845425867,4.0
21415,699.8109230963505,12.0
21416,238.4979034512418,4.0
21417,581.8163595466737,10.0
21418,1262.3296614583332,22.0
21419,692.1424056883271,12.0
21420,862.4234062035023,15.0
21421,247.16428212599217,5.0
21422,363.9661893764434,7.0
21423,1170.7759247027743,20.0
21424,275.69113715813285,5.0
21425,170.88863342434257,3.0
21426,280.21637470409195,5.0
21427,195.76401543817164,4.0
21428,415.4029176658673,7.0
21429,408.2436009212042,7.0
21430,1008.1546512737334,17.0
21431,400.3008741258742,7.0
21432,310.4637419200383,6.0
21433,419.6464647394586,7.0
21434,833.2489868963844,14.0
21435,663.3024036469126,12.0
21436,544.7437406359247,10.0
21437,580.5161717628878,10.0
21438,312.7160440850987,6.0
21439,556.281146978022,10.0
21440,252.99672571121846,5.0
21441,210.39618502622793,4.0
21442,369.24944646254977,7.0
21443,243.5446017481226,5.0
21444,278.80622658845147,5.0
21445,577.5994982290437,10.0
21446,458.57315308798263,8.0
21447,375.7506055363322,7.0
21448,366.2267964893033,7.0
21449,641.1225269573371,11.0
21450,372.5111403393397,7.0
21451,338.97835390946506,6.0
21452,280.3110804500106,5.0
21453,397.4129601613717,7.0
21454,411.5934340412803,7.0
21455,448.4204433864008,8.0
21456,431.6440294243679,8.0
21457,506.3579007546307,9.0
21458,548.8751163068114,10.0
21459,207.6441489361702,4.0
21460,205.15410249530456,4.0
21461,431.37004637436763,8.0
21462,491.3099604221636,9.0
21463,530.3700728826338,9.0
21464,709.9169691991787,12.0
21465,435.9732970498034,8.0
21466,459.0881419363781,8.0
21467,342.3285210913118,6.0
21468,510.1441539763114,9.0
21469,240.140728257266,5.0
21470,345.0609441471113,6.0
21471,175.48746422438464,3.0
21472,224.1068358575522,4.0
21473,1488.7961415396198,25.0
21474,784.0151672862453,14.0
21475,1241.5653706293706,21.0
21476,969.3670979123788,17.0
21477,1568.2965657478537,27.0
21478,752.0806030364158,13.0
21479,324.0024424946645,6.0
21480,359.4881066832067,6.0
29499,,
29799,,
31001,540.9826129485847,10.0
31002,808.8017719464358,14.0
31003,789.3783213974968,14.0
31004,741.8513175118093,13.0
31005,981.5015433741352,17.0
31006,628.1809753575737,11.0
31007,323.2445291933851,6.0
31008,401.8616549114054,7.0
31009,928.0053771039444,16.0
31011,842.320602760542,15.0
31012,373.4277739912759,7.0
31013,703.8372924308103,12.0
31014,1158.0090909090907,20.0
31015,1311.7747572815535,22.0
31016,1147.326160706479,20.0
31017,672.6081041615965,12.0
31018,894.3825917431192,15.0
31019,1016.3246914952754,17.0
31020,1241.3722423967317,21.0
31021,1116.907834008097,19.0
31022,388.5507212529194,7.0
31023,472.02423943835447,8.0
31024,477.0685600618853,8.0
31025,212.04387118720942,4.0
31026,300.8164280031822,6.0
31027,307.83568002601413,6.0
31028,126.25817400644469,3.0
31029,182.7359609849696,4.0
31030,273.4629921259842,5.0
31031,288.6924175103795,5.0
31032,262.50249617151604,5.0
31033,207.43648470657106,4.0
31034,247.1854121973644,5.0
31035,565.6203981723238,10.0
31036,865.5355670103094,15.0
31037,776.816911764706,13.0
31038,427.00380937926855,8.0
31039,645.3332640980371,11.0
31040,403.4463061441544,7.0
31041,563.9045886169272,10.0
31042,694.1587453874538,12.0
31043,709.0399727148704,12.0
31044,765.8580564170728,13.0
31045,504.62368853806936,9.0
31046,338.23106828561885,6.0
31047,359.5152826301173,6.0
31048,577.7721999651629,10.0
31049,568.8744322808287,10.0
31050,448.0335121054245,8.0
31051,629.0170599834615,11.0
31052,208.04469949185213,4.0
31053,223.79739249486587,4.0
31054,196.12381251307804,4.0
31055,112.13282711565975,2.0
31056,234.20609741431147,4.0
31057,216.4418619279761,4.0
31058,137.86524720317573,3.0
31059,388.6251237754135,7.0
31060,358.26412570826193,6.0
31061,192.06275449101798,4.0
31062,367.7716205352016,7.0
31063,331.6756946769334,6.0
31064,580.8965549936788,10.0
31065,137.4027670940171,3.0
31066,240.0871012482663,5.0
31067,186.8289641361733,4.0
31068,411.9035923542407,7.0
31069,146.55884540117415,3.0
31070,313.2700598802395,6.0
31071,295.22401795735124,5.0
31072,531.7726443048476,9.0
31073,434.289079077663,8.0
31074,567.3724671470961,10.0
31075,354.7921126941343,6.0
31076,510.37595347862526,9.0
31077,525.8319980868109,9.0
31078,419.7507210205214,7.0
31079,179.27860528097494,3.0
31080,366.3947391762292,7.0
31081,479.58652000000006,8.0
31082,454.6890591741166,8.0
31083,569.7666418281174,10.0
31084,287.0977082461281,5.0
31085,600.5027988070659,11.0
31086,1296.0086348765738,22.0
31087,907.7922747415065,16.0
31088,534.6377303588749,9.0
31089,610.1625092432832,11.0
31090,644.9870482271122,11.0
31091,1143.0232704402517,20.0
31092,529.1741314301105,9.0
31093,368.26860272840014,7.0
31094,388.3179368872045,7.0
31095,479.6967169476486,8.0
31096,359.22955088389875,6.0
31097,258.0002722537879,5.0
31098,128.43963556316498,3.0
31099,1811.8,31.0
31100,311.3113421015415,6.0
31101,185.77195589645257,4.0
31102,,
31103,626.1705325156354,11.0
31104,613.979002120998,11.0
31105,153.70169907680219,3.0
31106,149.10046218487395,3.0
31107,189.71656711725876,4.0
31108,179.22438222763236,3.0
31109,152.80868815180744,3.0
31110,148.16170036001108,3.0
31111,54.11198945981555,1.0
31112,279.72056988352745,5.0
31113,497.42867664528393,9.0
31114,537.8413844770752,9.0
31115,183.8972832670012,4.0
31116,395.5093196457327,7.0
31117,469.7077593722756,8.0
31118,346.1731618807195,6.0
31119,323.0441292639138,6.0
31120,217.22510006671112,4.0
31121,524.9567048321366,9.0
31122,435.8947805343511,8.0
31123,327.77697383926466,6.0
31124,487.28275862068966,9.0
31125,551.2169815371404,10.0
31126,189.57531526164234,4.0
31127,313.4122379032258,6.0
31128,218.6070529676935,4.0
31129,322.69822064056933,6.0
31130,267.02063426118264,5.0
31131,369.28014344262294,7.0
31132,313.1682586168056,6.0
31133,61.81337695383498,2.0
31134,266.31157602549604,5.0
31135,212.49672373900972,4.0
31136,220.32895287958112,4.0
31137,141.63714312113092,3.0
31138,620.6666418327436,11.0
31139,1343.0092870976666,23.0
31140,596.2893628964356,10.0
31141,988.1117491441021,17.0
31142,1086.251810425181,19.0
31143,941.0174344782679,16.0
31144,931.6097813866335,16.0
31145,110.41564280080622,2.0
31146,558.7590974903476,10.0
31147,814.3559315730755,14.0
31148,597.8524508670521,10.0
31149,464.4003751774488,8.0
31150,,
31151,340.8031255195345,6.0
31152,256.6727239013536,5.0
31153,704.7758783620062,12.0
31154,255.05592844704762,5.0
31155,692.7633677991137,12.0
31156,433.40086775849426,8.0
31157,543.6123089632384,10.0
31158,738.5262885384795,13.0
31159,309.0213919178961,6.0
31160,1251.360548014715,21.0
31161,1317.5619975524805,22.0
31162,,
31163,2675.5790625,45.0
31164,1695.951171998733,29.0
31165,1016.7278041374075,17.0
31166,355.8694127548158,6.0
31167,1954.0698892599753,33.0
31168,2042.2496886120996,35.0
31169,1376.056287708506,23.0
31170,448.36675373806526,8.0
31171,1179.080616438356,20.0
31172,615.1694488965603,11.0
31173,298.95496772161863,5.0
31174,1805.5048033906287,31.0
31175,1648.590208588957,28.0
31176,192.49821637426902,4.0
31177,1885.8223995880537,32.0
31178,2059.890635372214,35.0
31179,2146.5215386411396,36.0
31180,890.036559712422,15.0
31181,1207.8341367881892,21.0
31182,2162.633752400908,37.0
31183,715.4317223922769,12.0
31184,2443.127307848719,41.0
31185,1524.1192867198497,26.0
31186,1946.7078372591006,33.0
31187,255.96560368663592,5.0
31188,1135.0579941105145,19.0
31189,267.45889448568397,5.0
31190,930.1580378087485,16.0
31191,2830.860372960373,48.0
31192,312.3165287424265,6.0
31205,427.4770024712894,8.0
31206,1517.6379071009076,26.0
31207,1554.0082021237642,26.0
31208,647.1007601630495,11.0
31209,1130.6211488250656,19.0
31210,847.1842830253252,15.0
31211,611.6570106907895,11.0
31212,259.59915311653117,5.0
31213,612.9587099950763,11.0
31214,426.29812536613946,8.0
31215,612.198026411261,11.0
31216,193.19443603967056,4.0
31217,312.77014607425434,6.0
31218,1802.4303047895503,31.0
31219,2233.7147161878065,38.0
31220,2443.2550496405343,41.0
31221,4374.9,73.0
31222,139.5226219512195,3.0
31223,421.6114424832623,8.0
31224,455.64532355589864,8.0
31225,687.9597198496753,12.0
31226,619.3497919164845,11.0
31227,553.1642226519803,10.0
31228,546.8988532110092,10.0
31229,689.7494062454186,12.0
31230,237.52061248527679,4.0
31231,356.2201894140556,6.0
31232,670.3773493975903,12.0
31233,783.347380128522,14.0
31234,662.0190860031423,12.0
31235,304.5651194539249,6.0
31236,309.37491186839014,6.0
31237,444.10476144391754,8.0
31238,231.38450172385487,4.0
31239,582.2767209277583,10.0
31240,400.2286375661376,7.0
31241,1526.473327049953,26.0
31242,1877.3810575776702,32.0
31243,974.2503712004483,17.0
31244,495.3472474554012,9.0
31245,508.12551913935454,9.0
31246,506.645124157211,9.0
31247,609.2491022264784,11.0
31248,748.3897034435665,13.0
31249,671.4450226367752,12.0
31250,504.1821728081321,9.0
31251,1104.8745358887636,19.0
31252,755.7935388263189,13.0
31253,909.2119003115264,16.0
31254,1425.4012025143481,24.0
31255,936.7232773066572,16.0
31256,791.428144205791,14.0
31257,1157.1718790920993,20.0
31258,1066.4407779131661,18.0
31259,491.62106413994167,9.0
31260,377.5183396865735,7.0
31261,295.6932734452979,5.0
31262,423.5747162632028,8.0
31263,288.2707136237256,5.0
31264,360.911487018096,7.0
31265,319.890709692237,6.0
31267,209.58768720704242,4.0
31268,258.9198409191339,5.0
31269,242.4331267751097,5.0
31270,302.96536770921387,6.0
31271,273.6336782308785,5.0
31272,542.3809068010077,10.0
31273,731.7548557188776,13.0
31274,579.9129365387819,10.0
31275,290.08337167689166,5.0
31276,584.1614004829254,10.0
31277,1030.8281307782822,18.0
31278,916.6679753656658,16.0
31279,3171.3000000000006,53.0
31280,1043.1900917708754,18.0
31281,1800.8362903800896,31.0
31282,1176.9564005069708,20.0
31283,468.0382274768582,8.0
31284,579.5312380524008,10.0
31285,416.3378973828183,7.0
31286,178.94514993880048,3.0
31287,299.1059161690015,5.0
31288,740.1465833153696,13.0
31289,924.4945936139333,16.0
31290,918.6914201183431,16.0
31291,356.5753110674525,6.0
31292,331.0772357723577,6.0
31293,366.36859151228487,7.0
31294,698.700518246599,12.0
31295,777.0612471433236,13.0
31296,804.3558586078989,14.0
31297,532.1331706788116,9.0
31298,477.2,8.0
31299,782.6307184145334,14.0
31300,492.72322722685993,9.0
31301,,
31302,878.4406778783957,15.0
31303,745.0136887182518,13.0
31304,980.7129090791265,17.0
31305,797.1137249263068,14.0
31306,577.0537099903007,10.0
31307,588.7398062626718,10.0
31308,626.0033145464304,11.0
31309,585.8788554633471,10.0
31310,900.5199176954733,16.0
31311,510.8007845060063,9.0
31312,283.45909829406986,5.0
31313,930.0164589515332,16.0
31314,641.7545264914476,11.0
31315,,
31316,349.02788790993634,6.0
31317,563.2205491769264,10.0
31318,911.407144408252,16.0
31319,425.3586959247649,8.0
31320,1361.9068397326284,23.0
31321,1472.781001901362,25.0
31322,1218.7506051544922,21.0
31323,578.2530437188711,10.0
31324,432.5486042110244,8.0
31325,327.3357232817561,6.0
31326,258.2801724964063,5.0
31327,244.97770055770056,5.0
31328,427.91595465228806,8.0
31329,398.48601324902137,7.0
31330,522.2895835337117,9.0
31331,590.491462618348,10.0
31332,626.3815337780944,11.0
31333,473.7999136359275,8.0
31334,510.35822976332,9.0
31335,549.4137996219281,10.0
31336,677.9743540822004,12.0
31337,308.37412203687444,6.0
31338,3150.3439793038565,53.0
31339,1226.5244870410368,21.0
31340,1186.1900173611111,20.0
31341,261.69981726815894,5.0
31342,442.49785637727757,8.0
31343,362.16797549429134,7.0
31344,800.7604100818543,14.0
31345,7716.280000000001,129.0
31346,177.938508120011,3.0
31347,609.3595375722543,11.0
31348,293.13832335329346,5.0
31349,239.76779350541213,4.0
31350,453.2251242297754,8.0
31351,2134.2739873108835,36.0
31352,831.5393239972337,14.0
31353,1794.6057160493829,30.0
31354,931.7347070074769,16.0
31355,724.7558305994631,13.0
31356,326.4427847346452,6.0
31357,1111.0981752265861,19.0
31358,207.40277240490005,4.0
31359,1468.429416769802,25.0
31360,,
31361,686.841630539499,12.0
31362,1299.625176565548,22.0
31363,1564.910196641626,27.0
31364,751.1663549039434,13.0
31365,381.5465917547254,7.0
31366,495.5840163329562,9.0
31367,791.271551724138,14.0
31368,534.0687870172945,9.0
31369,1053.3384069000508,18.0
31370,987.7538233110618,17.0
31371,1624.906044795113,28.0
31372,788.0141394753679,14.0
31373,679.5924752298491,12.0
31374,807.380847107438,14.0
31375,926.6125868102289,16.0
31376,971.9404824851287,17.0
31377,289.39397721764414,5.0
31378,248.96603773584908,5.0
31379,168.62007881773397,3.0
31380,321.4768609448544,6.0
31382,543.0153048317734,10.0
31383,669.8220618007458,12.0
31384,1570.8745439566906,27.0
31385,682.078938119744,12.0
31386,490.6153200958576,9.0
31387,1312.3107097213938,22.0
31388,421.57536583326373,8.0
31389,503.16414900302806,9.0
31390,300.14095465710676,6.0
31391,425.74003700818076,8.0
31392,450.7288259783515,8.0
31393,540.9136468153599,10.0
31394,294.19691629955946,5.0
31395,18638.62641509434,311.0
31396,5775.4997606382985,97.0
31397,12406.321548507462,207.0
31398,30447.02716558633,508.0
31399,370.2833987861478,7.0
31400,2552.850890034936,43.0
31401,479.0874028856826,8.0
31402,2854.6813604240283,48.0
31403,259.0876020408163,5.0
31404,1602.2555371900828,27.0
31405,339.7694158636834,6.0
31406,1910.1517323067812,32.0
31407,1921.2582326764145,33.0
31408,2165.2228196443693,37.0
31409,697.340088619403,12.0
31410,9233.91837991473,154.0
31411,3341.1502671891694,56.0
31412,1092.8087275693313,19.0
31413,487.2582575164186,9.0
31414,574.9754383813611,10.0
31415,426.6627896652757,8.0
31416,761.4618913676043,13.0
31417,221.66706408345752,4.0
31418,416.7889427588364,7.0
31419,244.6593852581319,5.0
31420,409.99976317347546,7.0
31421,443.5535632959433,8.0
31422,210.89504216713516,4.0
31423,273.4944082404877,5.0
31424,267.086804756425,5.0
31425,993.5824236628187,17.0
31426,652.4025777941447,11.0
31427,220.22848861499898,4.0
31428,285.58180568679666,5.0
31434,596.4886277143497,10.0
31435,304.00610301709304,6.0
31437,702.8082156019656,12.0
31438,403.1011149893349,7.0
31439,1448.3509210686836,25.0
31440,585.235989204412,10.0
31441,1464.4123988289996,25.0
31442,1160.9122330479286,20.0
31443,1321.8494258373207,23.0
31444,1048.283465085639,18.0
31445,1107.796235632184,19.0
31446,549.5579333915067,10.0
31447,462.9170440066647,8.0
31448,284.11448867444045,5.0
31449,1246.8296186770428,21.0
31450,1068.167180031864,18.0
31451,1011.8605413480975,17.0
31452,528.244099901782,9.0
31453,246.84653898199232,5.0
31454,291.7015507928211,5.0
31455,304.0565082397898,6.0
31456,305.19711293941657,6.0
31457,214.40139358540833,4.0
31458,689.3280982823692,12.0
31459,205.4833509195056,4.0
31460,200.67458001768347,4.0
31461,1083.3206988226357,19.0
31462,209.26195211786373,4.0
31463,3823.664090305445,64.0
31464,210.5113063063063,4.0
31465,1702.668294199969,29.0
31466,530.0,9.0
31467,278.4456612432207,5.0
31468,385.19417504729665,7.0
31469,480.03254473764025,9.0
31470,843.6647034425549,15.0
31471,493.7663806254768,9.0
31472,353.0661186440678,6.0
31473,1004.8316736625882,17.0
31474,298.6333979829325,5.0
31475,161.4453363914373,3.0
31476,213.18405984008254,4.0
31477,327.6254043294352,6.0
31478,171.50699980556098,3.0
31479,76.47864036028307,2.0
31480,939.106430656247,16.0
31481,255.64268152132158,5.0
31482,313.86374645709867,6.0
31483,8957.994137638061,150.0
31484,430.08547119009154,8.0
31485,172.05116279069765,3.0
31486,1938.5643508330713,33.0
31487,452.73486701314584,8.0
31488,279.1724151160561,5.0
31489,1913.6723736314932,32.0
31490,340.9606776294008,6.0
31491,574.0242200328406,10.0
31492,485.3994863013699,9.0
31493,1210.0214939759035,21.0
31494,658.5029698769622,11.0
31495,194.46546374918353,4.0
31496,441.800293255132,8.0
31497,419.9626764461666,7.0
31498,1798.5033643602108,30.0
31499,1193.3075488997556,20.0
31500,286.33108745452097,5.0
31501,251.55755958733545,5.0
31502,439.76069526212495,8.0
31503,667.9822315916277,12.0
31504,1096.9336390243902,19.0
31505,252.92971734892785,5.0
31506,1028.7397029599413,18.0
31507,1175.6429992348892,20.0
31508,1402.2947835159102,24.0
31509,1301.8210591642533,22.0
31510,4703.0,79.0
31511,3379.02972801018,57.0
31512,227.31591276820262,4.0
31513,417.5032372505543,7.0
31514,1284.1514613891286,22.0
31515,2101.4423631908526,36.0
31516,1033.2082063561168,18.0
31517,762.7509359400998,13.0
31518,208.97337984607637,4.0
31519,466.333052335792,8.0
31520,296.41782244110203,5.0
31521,508.5675180455303,9.0
31522,1709.5930944147542,29.0
31523,552.1773266708307,10.0
31524,280.6164453467954,5.0
31525,1875.0342707962502,32.0
31526,523.022699163332,9.0
31527,7767.233894923519,130.0
31528,1228.2410859090373,21.0
31529,168.8683359415754,3.0
31530,5617.83518056249,94.0
31531,1655.1478707339172,28.0
31532,406.04799999999994,7.0
31533,606.9864160774098,11.0
31534,335.53572377158036,6.0
31535,1913.4177506196054,32.0
31536,412.9255254424779,7.0
31537,,
31538,604.5421129503408,11.0
31539,181.57726692209454,4.0
31540,126.35540568020066,3.0
31541,160.14650500116306,3.0
31542,610.9528725314183,11.0
31543,979.6602925531915,17.0
31544,910.5427504751561,16.0
31545,683.1151250448726,12.0
31546,581.4816191983122,10.0
31547,994.7076988636364,17.0
31548,304.24240582621803,6.0
31549,1385.0396772270872,24.0
39499,,
39799,,
41001,104.72046342270772,2.0
41002,108.70863967958803,2.0
41003,648.9670137870344,11.0
41004,418.5388465723612,7.0
41005,767.2190411883863,13.0
41006,1017.1482136931755,17.0
41007,295.8634484743811,5.0
41008,1125.5798987021208,19.0
41009,716.6858505564387,12.0
41010,650.9993164603732,11.0
41011,188.3948407987048,4.0
41012,268.4798546964193,5.0
41013,157.0258029706741,3.0
41014,649.6123758594347,11.0
41015,460.87566771605566,8.0
41016,283.12130533327166,5.0
41017,102.36670963903212,2.0
41018,258.30509765783285,5.0
41019,169.52479134466768,3.0
41020,143.3764715554094,3.0
41021,287.8075139722625,5.0
41022,140.14088977423637,3.0
41023,210.90573103409028,4.0
41024,115.74301828662294,2.0
41025,423.515123490371,8.0
41026,369.1051675413807,7.0
41027,1573.581132075472,27.0
41028,708.2127372323356,12.0
41029,740.7994950927554,13.0
41030,195.51355162754757,4.0
41031,369.1621667568194,7.0
41032,950.8235492911309,16.0
41033,869.7870304468169,15.0
41034,579.4626947231058,10.0
41035,1096.220798668885,19.0
41036,289.6872514265952,5.0
41037,286.1012463462163,5.0
41038,328.7045461261883,6.0
41039,,
41040,386.8046262626263,7.0
41041,453.79811204596757,8.0
41042,554.0,10.0
41043,603.8491267406183,11.0
41044,591.0118782879005,10.0
41046,360.8722609929078,7.0
41047,455.239223499943,8.0
41048,492.3672704052015,9.0
41049,628.6812976730713,11.0
41050,730.8347482174687,13.0
41051,420.7703717862945,8.0
41052,237.10177406571967,4.0
41053,338.23889300455073,6.0
41054,470.3689826920682,8.0
41055,301.27031111111114,6.0
41056,157.42416684739388,3.0
41057,198.43391356844594,4.0
41058,356.28980712166174,6.0
41059,685.5823060188543,12.0
41060,341.00426586232896,6.0
41061,266.22964724534285,5.0
41062,340.8637455637455,6.0
41063,698.6252274525316,12.0
41064,233.3645525629887,4.0
41065,651.0311862936456,11.0
41066,269.99133773406976,5.0
41067,610.6813518456934,11.0
41068,380.99331412103743,7.0
41069,319.8967087011349,6.0
41070,297.66359464152816,5.0
41071,682.2511727443931,12.0
41072,977.4792666276576,17.0
41073,285.04014770416353,5.0
41074,345.4933794851794,6.0
41075,993.2881514810649,17.0
41076,719.3357093104249,12.0
41077,484.43966597077247,9.0
41078,422.06910272669626,8.0
41079,323.87816001054443,6.0
41080,636.5698811096432,11.0
41081,,
41082,460.5354838709678,8.0
41083,312.11817569841804,6.0
41084,506.77453649205415,9.0
41085,395.39282868525896,7.0
41086,584.1384260168992,10.0
41087,597.8419442829675,10.0
41088,687.8326386850603,12.0
41089,750.3924823943662,13.0
41090,169.15874677002583,3.0
41091,288.8141811654239,5.0
41092,185.0765276561342,4.0
41093,318.2643551965413,6.0
41094,320.9193189596167,6.0
41095,233.4767810026385,4.0
41096,273.84755902221605,5.0
41097,251.3944314084588,5.0
41098,,
41099,171.24785576392722,3.0
41100,492.36760118043844,9.0
41101,359.2903318769174,6.0
41102,339.85571459553245,6.0
41103,662.6,12.0
41104,,
41105,291.98892204401346,5.0
41106,408.3608209249192,7.0
41107,285.8843699632186,5.0
41108,257.74850142865824,5.0
41109,445.0032127702566,8.0
41110,443.6708072487644,8.0
41111,742.8092235713491,13.0
41112,943.184516444155,16.0
41113,2118.304588309239,36.0
41114,616.9411260709915,11.0
41115,232.2798374698001,4.0
41116,233.4806124969128,4.0
41117,815.9935166187935,14.0
41118,861.9594549366483,15.0
41119,967.6939365179795,17.0
41120,678.7147960308711,12.0
41121,770.3763377152378,13.0
41122,286.9553815489749,5.0
41123,732.7980054397099,13.0
41124,768.5636069935384,13.0
41125,1450.2716230150545,25.0
41126,317.3233026610296,6.0
41127,1589.2147550189525,27.0
41128,1174.0395913154534,20.0
41129,354.3442450253609,6.0
41130,922.8200215285252,16.0
41131,819.9651722510617,14.0
41132,1341.1316114790288,23.0
41133,315.19035698320454,6.0
41134,2252.304827780915,38.0
41135,39765.145454545454,663.0
41136,391.3327424256377,7.0
41137,,
41138,30438.070233377366,508.0
41139,346.1041383219955,6.0
41140,760.7866886171214,13.0
41141,10588.05039817975,177.0
41142,364.17441156939424,7.0
41143,216.6442218798151,4.0
41144,1198.4656821251688,20.0
41145,1469.071626223925,25.0
41146,244.9986012998022,5.0
41147,1326.862454336355,23.0
41148,313.752989432703,6.0
41149,1722.7467772925763,29.0
41150,1223.0733241188666,21.0
41151,1125.0116179232627,19.0
41152,196.8156064947469,4.0
41154,195.17897265948633,4.0
41155,1620.6360070515645,28.0
41156,604.2244636567403,11.0
41157,1102.8972644376902,19.0
41158,1195.2925015365704,20.0
41159,424.2627056110684,8.0
41160,159.11186274509805,3.0
41161,794.9114426229507,14.0
41162,309.12418239581393,6.0
41163,1220.133784579164,21.0
41164,1001.4226653696498,17.0
41165,285.0290522485644,5.0
41166,1186.1399126399126,20.0
41167,198.06311934510987,4.0
41168,647.3717157065893,11.0
41169,1536.751340854448,26.0
41170,881.2968863361547,15.0
41171,684.6860919712402,12.0
41172,457.18252226668386,8.0
41173,406.12033702520887,7.0
41174,314.1433780505209,6.0
49499,,
49799,,
51001,924.6435722201699,16.0
51002,410.5227597476628,7.0
51003,1389.745743749392,24.0
51004,358.02837760802646,6.0
51005,1011.923137678277,17.0
51007,1225.4114335126824,21.0
51008,284.39157785671995,5.0
51009,345.30459704880815,6.0
51010,1022.1168152866242,18.0
51011,259.2384615384616,5.0
51012,690.3005028980566,12.0
51014,863.1920293888458,15.0
51015,440.1642867322218,8.0
51016,1466.5841990819038,25.0
51017,657.5085066162571,11.0
51018,618.5987199180746,11.0
51019,317.35807553956835,6.0
51020,1276.1157538338978,22.0
51021,1332.040895104895,23.0
51022,974.6588529244747,17.0
51023,202.8187658324045,4.0
51024,675.8545022673288,12.0
51025,387.1831305309735,7.0
51026,657.4009620340148,11.0
51027,642.6372045800665,11.0
51028,361.6926738125676,7.0
51029,539.5762172284644,9.0
51030,500.34920586900614,9.0
51031,172.20262121585037,3.0
51032,355.0848838788537,6.0
51033,257.1356516211062,5.0
51034,499.7768439273007,9.0
51035,189.45899167837456,4.0
51036,233.92102102102098,4.0
51037,290.6411764705882,5.0
51038,151.19339305711088,3.0
51039,185.76208189681245,4.0
51040,163.48858763471355,3.0
51041,130.46627372052905,3.0
51042,130.89345828515792,3.0
51043,194.5232928127276,4.0
51044,634.679954954955,11.0
51045,430.39356511131444,8.0
51046,276.0750157629256,5.0
51047,621.0494334408107,11.0
51048,528.5223886184949,9.0
51049,1948.3310308182784,33.0
51050,765.4193032148421,13.0
51051,422.9469506474011,8.0
51052,3224.8363636363633,54.0
51053,1303.1005515419872,22.0
51054,425.7151952250683,8.0
51055,5210.5199999999995,87.0
51056,731.3991534898579,13.0
51057,757.7374930885767,13.0
51058,1994.9110399689562,34.0
51059,1283.8478303010163,22.0
51060,1781.8867813987554,30.0
51061,404.1517340349199,7.0
51062,715.0791119508739,12.0
51063,665.4,12.0
51064,,
51065,464.01155555555556,8.0
51066,236.96767213114754,4.0
51067,574.2033255542591,10.0
51068,1363.1473609991942,23.0
51069,,
51070,510.33685606447006,9.0
51071,362.5199174929435,7.0
51072,250.1137878986744,5.0
51073,373.7506526631658,7.0
51074,382.7310859246343,7.0
51075,509.1488138096556,9.0
51076,408.79575280638824,7.0
51077,280.00810094915755,5.0
51078,469.6817464572961,8.0
51079,607.9818173687506,11.0
51080,474.2040673211781,8.0
51081,442.07657016683027,8.0
51082,386.81665626949473,7.0
51083,588.0818113450795,10.0
51084,245.75530140110786,5.0
51085,351.4413360020015,6.0
51086,456.12283379650756,8.0
51087,,
51088,344.49390936555886,6.0
51089,368.77054794520546,7.0
51090,264.7465744920993,5.0
51091,371.24285714285713,7.0
51092,513.3301653160454,9.0
51093,262.20370505433596,5.0
51094,491.24099081102673,9.0
51095,282.35838926174495,5.0
51096,467.84431077694234,8.0
51097,314.34677275620624,6.0
51098,628.1947935818151,11.0
51099,862.090442274065,15.0
51100,503.3151069599277,9.0
51101,634.6004861111112,11.0
51102,371.05749742651267,7.0
51103,682.3477625462854,12.0
51104,501.71421012849584,9.0
51105,828.4174169545574,14.0
51106,502.6,9.0
51107,465.8351605383864,8.0
51108,705.277379741885,12.0
51110,393.3217085953879,7.0
51111,1734.2,29.0
51112,431.11589965710164,8.0
51113,865.7711534468439,15.0
51114,314.96476244882416,6.0
51115,365.8502699309479,7.0
51116,708.5662204500143,12.0
51117,442.1279642058165,8.0
51118,629.168506470794,11.0
51119,390.53324680028976,7.0
51120,409.34999999999997,7.0
51121,683.4,12.0
51122,510.5970337981565,9.0
51123,373.32019701040167,7.0
51124,292.98349722957124,5.0
51125,647.4568548791495,11.0
51126,,
51127,286.43324830875014,5.0
51128,598.0894866410832,10.0
51129,476.81432603044937,8.0
51130,262.6210526315789,5.0
51131,465.4586005830904,8.0
51132,549.4825714285715,10.0
51133,779.230947313556,13.0
51134,673.7147076225224,12.0
51135,875.8342029289801,15.0
51136,765.3468283035453,13.0
51137,758.6319327731093,13.0
51138,717.2818634271647,12.0
51139,551.3109812515218,10.0
51140,380.79461491976105,7.0
51141,593.5962295081966,10.0
51142,859.8767391304348,15.0
51143,1182.7849250197316,20.0
51144,1692.3217253121454,29.0
51145,180.95056757335615,4.0
51146,425.5565293296089,8.0
51147,189.72635008749168,4.0
51148,734.2971098926206,13.0
51150,683.2000000000002,12.0
51151,,
51152,729.9534628571429,13.0
51153,520.294979747146,9.0
51154,451.2257214313197,8.0
51155,977.78125,17.0
51158,462.0353684210526,8.0
51159,461.70680272108837,8.0
51160,620.8264199485454,11.0
51161,718.7336561743341,12.0
51163,777.8796231961518,13.0
51164,318.0840027137042,6.0
51165,230.90095449351347,4.0
51166,313.55122392211405,6.0
51167,385.65000000000003,7.0
51169,941.0779984284591,16.0
51170,742.797259201253,13.0
51172,1127.7626865671643,19.0
51173,854.3739130434784,15.0
51174,905.9543801954875,16.0
51175,329.47286285922155,6.0
51176,313.6975984889368,6.0
51177,266.92480801579757,5.0
51178,387.42420368962894,7.0
51179,310.5894131334023,6.0
51180,305.270565193061,6.0
51181,157.52593890220666,3.0
51182,367.6482772697583,7.0
51183,323.3536525475752,6.0
51184,368.80599257258615,7.0
51185,599.9525617330708,10.0
51186,214.46603444263437,4.0
51187,488.9471486761711,9.0
51188,467.76786940467707,8.0
51189,247.6,5.0
51190,445.01969631236443,8.0
51191,761.4154300254453,13.0
51192,185.34410631122532,4.0
51193,328.0560022438295,6.0
51225,379.03968499507806,7.0
51226,1955.4519264448338,33.0
51227,634.5207558859976,11.0
51228,727.7644557823129,13.0
51229,3673.51315880124,62.0
51230,362.96593358258195,7.0
51231,1750.1034293879497,30.0
51232,1194.5897464167585,20.0
51233,714.0642104254504,12.0
51234,1226.6254214033713,21.0
51235,,
51236,2770.7901978746786,47.0
51237,651.8591153470186,11.0
51238,1222.114116758933,21.0
51239,4313.547424511546,72.0
51240,576.3527483313703,10.0
51241,1367.164544502618,23.0
51242,2317.1425039123633,39.0
51243,666.3292327089337,12.0
51244,2466.6016056083217,42.0
51245,597.8483738317757,10.0
51246,852.599379217274,15.0
51247,2039.1104446012703,34.0
51248,775.3057819169576,13.0
51249,207.95857598299682,4.0
51250,1207.1948619008933,21.0
51251,496.2971109871724,9.0
51252,593.9620989304813,10.0
51253,386.09335905434244,7.0
51254,343.9703861828061,6.0
51255,1220.1170931551749,21.0
51256,1198.8504076086956,20.0
51257,2070.0035286284956,35.0
51258,1686.5552625622454,29.0
51259,851.6432725060828,15.0
51260,505.5703646237393,9.0
51261,1044.5364950462886,18.0
51262,326.84038227503765,6.0
51263,3654.354138557343,61.0
51264,7303.069494640122,122.0
51265,4566.002572706935,77.0
51266,10449.281211041853,175.0
51267,16939.866376463528,283.0
51268,158.44146341463414,3.0
51269,1583.103934652554,27.0
51270,387.34963111298487,7.0
51271,3765.2839782392152,63.0
51272,317.0893761814745,6.0
51273,1505.4423330365091,26.0
51274,389.09673868057274,7.0
51275,3061.535324540988,52.0
51276,312.85322269394055,6.0
51277,6417.454817738564,107.0
51278,427.1534292972058,8.0
51279,278.58424190188896,5.0
51280,155.21188431992772,3.0
51281,433.0,8.0
51282,3256.9751815181517,55.0
51283,23904.024472664656,399.0
51284,,
51285,290.29911976301315,5.0
51286,458.4240587349397,8.0
51287,784.3514449362145,14.0
51288,332.2875501202887,6.0
51289,499.0043575418994,9.0
51290,8326.277294842685,139.0
51291,2215.565227159261,37.0
51292,867.0304099462365,15.0
59499,,
59799,,
61001,1282.912786705123,22.0
61002,1543.1546788990825,26.0
61003,1109.919962859796,19.0
61004,480.31224006762466,9.0
61005,905.1342711332113,16.0
61006,612.6671118012422,11.0
61007,552.524375,10.0
61008,469.83704517369216,8.0
61009,516.7626521460602,9.0
61010,839.5702535760727,14.0
61011,341.35673909491913,6.0
61012,1533.9844248630625,26.0
61013,1027.2022562045627,18.0
61014,865.0270515613653,15.0
61015,918.4074436574372,16.0
61016,420.6518411552347,8.0
61017,598.3621513944223,10.0
61018,690.7905795617448,12.0
61019,374.1801892147588,7.0
61020,240.61855293221632,5.0
61021,511.21353555952084,9.0
61022,821.665278514589,14.0
61023,971.6492636301571,17.0
61024,1320.2898410236526,23.0
61025,,
61026,840.9146518105849,15.0
61027,134.23039969254424,3.0
61028,180.3177882296189,4.0
61029,378.8098114824336,7.0
61030,169.62102911978823,3.0
61031,359.4566448431256,6.0
61032,231.70550624589086,4.0
61033,226.21768510638296,4.0
61034,2254.8146587143806,38.0
61035,1430.9909494855006,24.0
61036,235.34911706998037,4.0
61037,359.082602478551,6.0
61038,95.17278911564625,2.0
61039,907.3318673218673,16.0
61040,392.71442772702846,7.0
61041,549.5586693324448,10.0
61042,196.09887511916114,4.0
61043,412.88075032341527,7.0
61044,552.6320255332398,10.0
61045,400.1530589849108,7.0
61046,500.3671118012422,9.0
61047,168.7532237126785,3.0
61048,408.7751652099766,7.0
61049,361.34677348551367,7.0
61050,448.85451181326505,8.0
61051,271.49506531204645,5.0
61052,587.7776417525772,10.0
61053,463.66510084925693,8.0
61054,677.9966030467519,12.0
61055,1044.1280048916842,18.0
61056,708.8478166615051,12.0
61057,1144.1755538959421,20.0
61058,1447.3653904282114,25.0
61059,627.3384153485648,11.0
61060,229.74872308462693,4.0
61061,1001.2181793254729,17.0
61062,648.9692716535433,11.0
61064,665.7751526150801,12.0
61065,2571.9562622309195,43.0
61066,1141.6281107491857,20.0
61067,1674.2389459728206,28.0
61068,7382.9,124.0
61069,3271.737606256376,55.0
61070,1763.9738770685576,30.0
61071,781.0080816326531,14.0
61072,874.6032731648617,15.0
61073,969.6393545683152,17.0
61074,1848.830099954566,31.0
61075,515.994182389937,9.0
61076,1631.1836012861736,28.0
61077,437.2419843049327,8.0
61078,315.5144388398487,6.0
61079,1303.0550149551348,22.0
61080,652.5019168386907,11.0
61081,613.8295437165434,11.0
61082,1323.9488736102985,23.0
61083,1538.032187722209,26.0
61084,1145.358542959817,20.0
61085,680.9275296860202,12.0
61086,555.2217640807652,10.0
61087,241.2201196543319,5.0
61088,653.443654676259,11.0
61089,920.0653224373779,16.0
61090,662.5895400340714,12.0
61091,1587.1730581735458,27.0
61092,1126.1558161953726,19.0
61093,559.3252371916508,10.0
61094,1290.882172633644,22.0
61095,230.1875,4.0
61096,1820.784085177921,31.0
61097,1357.6243605068134,23.0
61098,,
61099,0.0,0.0
61100,1041.9412885662432,18.0
69499,,
69799,,
71001,725.5,13.0
71002,1118.6755193798451,19.0
71003,1151.9,20.0
71004,999.06771019678,17.0
71005,1199.6791733762748,20.0
71006,794.3301662707838,14.0
71007,914.7319172113289,16.0
71008,1015.4599182495792,17.0
71009,965.175919377652,17.0
71010,393.298397737983,7.0
71011,505.68774468085115,9.0
71012,920.9710054559627,16.0
71013,324.9577062937063,6.0
71014,,
71015,,
71016,618.9388706500329,11.0
71017,1255.2,21.0
71018,434.5052631578947,8.0
71019,652.5023790158601,11.0
71020,420.2130302371112,8.0
71021,350.08203255425707,6.0
71022,597.7949472759226,10.0
71023,564.8330555555555,10.0
71024,475.3507268170426,8.0
71025,635.61640625,11.0
71026,556.146515198035,10.0
71027,196.45252525252528,4.0
71028,388.77340771734083,7.0
71029,283.8871466666667,5.0
71030,461.19640049648325,8.0
71031,1953.487507146941,33.0
71032,2643.8792140641162,45.0
71033,3180.2,54.0
71034,1951.5385126964934,33.0
71035,3471.786170212766,58.0
71036,1547.0437377690805,26.0
71037,1453.4060152990264,25.0
71038,1497.600936110461,25.0
71039,1493.007047387606,25.0
71040,1639.712188552189,28.0
71041,1455.3934710351377,25.0
71042,1635.6288273615635,28.0
71043,1619.3484180536814,27.0
71044,1588.142257865515,27.0
71045,390.2771925699506,7.0
71046,296.35230708035004,5.0
71047,326.92806414662084,6.0
71048,587.478682487725,10.0
71049,269.03413333333333,5.0
71050,20771.078029079163,347.0
71051,812.567671345995,14.0
71052,10895.856994562531,182.0
71053,19534.485921625546,326.0
71054,17055.426804619827,285.0
71055,14190.037849547067,237.0
71056,160.68360655737706,3.0
71057,8183.5902600264435,137.0
71058,14878.477022653722,248.0
71059,28695.140371417037,479.0
71060,2880.7484304932736,49.0
71061,26216.196421845576,437.0
71062,35434.83828156516,591.0
71063,18832.301195433178,314.0
71064,180.78891050583658,4.0
71065,6647.066840731071,111.0
71066,26808.376429433054,447.0
71067,768.6715516357297,13.0
71068,20926.64138629915,349.0
79499,,
79799,,
81001,246.75403259506896,5.0
81002,270.04267889356584,5.0
81003,226.6033142857143,4.0
81004,716.8159675236807,12.0
81005,293.06252220248666,5.0
81006,816.6301055848847,14.0
81007,522.2575968409176,9.0
81008,463.7839748953975,8.0
81009,643.3570791195717,11.0
81010,820.9576866040535,14.0
81011,489.9902601330913,9.0
81012,742.74,13.0
81013,440.3291298436439,8.0
81014,529.0814234410708,9.0
81015,651.7532195332758,11.0
81016,421.80020672546857,8.0
81017,580.4213541666666,10.0
81018,332.25753424657535,6.0
81019,752.6280829015543,13.0
81020,288.9067082111437,5.0
81021,475.8678493050476,8.0
81022,617.0812082670907,11.0
81023,350.8112945838838,6.0
81024,442.46687116564414,8.0
81025,651.411093871218,11.0
81026,382.2477246207701,7.0
81031,631.121462264151,11.0
81032,1158.0,20.0
81034,911.7523357920619,16.0
81035,1021.6755241635686,18.0
81036,906.9028566481995,16.0
81037,665.3813130181491,12.0
81038,938.6192244802616,16.0
81039,693.468653696498,12.0
81040,799.662965382103,14.0
81043,843.4386617100372,15.0
81044,722.0063946645744,13.0
81045,627.5,11.0
81046,854.8405356634058,15.0
81047,814.590485183033,14.0
81048,706.0885257806826,12.0
81049,498.66371469602683,9.0
81050,570.9703260659849,10.0
81051,467.7318651441001,8.0
81053,460.8819760619573,8.0
81054,498.82078886310904,9.0
81055,568.2021026761333,10.0
81056,694.7175397877983,12.0
81057,431.0123630672925,8.0
81058,347.33767399267396,6.0
81060,418.8530903718296,7.0
81061,681.1600444140759,12.0
81062,142.12433182922598,3.0
81063,293.8615194564546,5.0
81064,427.3710451045105,8.0
81066,,
81067,472.4870550705171,8.0
81068,380.1,7.0
81069,411.7436438011328,7.0
81070,195.84225941422594,4.0
81071,1108.6422267206476,19.0
81072,847.8522004241781,15.0
81073,860.3831772459245,15.0
81074,817.1178012519562,14.0
81075,1042.3937339395136,18.0
81076,646.2057365919892,11.0
81077,820.8549378200438,14.0
81078,1004.8143064537416,17.0
81079,604.0815228093207,11.0
81080,681.3135291033036,12.0
81081,766.5170870256759,13.0
81082,629.9488092842288,11.0
81083,806.9855446927374,14.0
81084,663.8309853947126,12.0
81085,473.2,8.0
81086,693.9456109134044,12.0
81087,775.6956913827656,13.0
81088,952.3778591991626,16.0
81089,1148.6,20.0
81090,575.1547344722554,10.0
81091,611.9491980604253,11.0
81092,556.7870060069554,10.0
81093,545.141382765531,10.0
81094,487.6943828811617,9.0
81095,549.1752184769039,10.0
81096,504.9746024321796,9.0
81097,424.7333967287943,8.0
81098,432.3326416152552,8.0
81099,311.6231859883236,6.0
81100,118.41666349629067,2.0
81101,358.54680124223603,6.0
81102,147.94096351197265,3.0
81103,182.36768820786145,4.0
81104,292.5297573435504,5.0
81105,255.7491103202847,5.0
81106,258.4577723378213,5.0
81107,215.0600806451613,4.0
81108,369.96413632842757,7.0
81109,181.8452901023891,4.0
81110,399.86767905711696,7.0
81111,428.9846153846154,8.0
81112,1380.0,23.0
81113,428.8958579881657,8.0
81114,823.1,14.0
81115,741.5227777777776,13.0
81116,,
81117,,
81118,1004.436115326252,17.0
81119,644.8,11.0
81120,1014.2802083333332,17.0
81121,,
81122,,
81123,,
81124,660.0985014049329,12.0
81125,669.1981450252952,12.0
81126,556.4,10.0
81127,546.3893097128894,10.0
81128,,
81129,373.6555632823366,7.0
81130,552.8407407407407,10.0
81131,444.9979369757424,8.0
81132,779.75,13.0
81133,299.3,5.0
81134,335.0,6.0
81135,483.6793729372938,9.0
81136,,
81137,618.1,11.0
81138,499.8,9.0
81139,505.95437386569876,9.0
81140,1705.4735241502683,29.0
81141,2759.818918918919,46.0
89499,,
89799,,
91001,1986.6,34.0
91002,3184.0,54.0
91003,2301.0647959183675,39.0
91004,,
99499,,
99799,,
